source_id,title,author,publisher,publication_year,book_type,subject,isbn_raw,isbn_normalized,isbn_checksum_valid,source_url,source_page,original_title,original_author,original_subject,original_publisher,original_isbn_raw,original_publication_year,research_status,research_sources,research_notes,isbn_status,original_isbn_checksum_valid,isbn,category,scope,language_note,issues,normalization_notes,duplicate_of,related_source_ids,status,decision_reason
5886,Giáo trình cỏ dại,"Nguyễn Vĩnh Trường (Chủ biên), Nguyễn Thị Thu Thủy",NXB Đại học Huế,2026,Giáo trình,"KHOA HỌC NÔNG NGHIỆP, Bảo vệ thực vật",978-632-627-222-2,9786326272222,true,https://csdlkhoahoc.hueuni.edu.vn/index.php/book/detail/5886,1,Giáo trình cỏ dại,"Nguyễn Vĩnh Trường(Chủ biên),Nguyễn Thị Thu Thủy","KHOA HỌC NÔNG NGHIỆP, Bảo vệ thực vật",NXB Đại học Huế,978-632-627-222-2,2026,NOT_REVIEWED,,,VALID,true,9786326272222,Nông nghiệp và thú y,UNIVERSITY_CANDIDATE,Ưu tiên tiếng Việt; ngôn ngữ ấn bản chưa được xác minh,,,,5886,READY,Đạt kiểm tra định dạng và tiêu chí tuyển chọn; chưa xác minh thực tế mọi ấn bản.
6043,Phương Pháp dạy học Mĩ thuật ở Tiểu học,Phạm Diệu Linh (Chủ biên),,2026,Giáo trình,KHOA HỌC GIÁO DỤC,,,false,https://csdlkhoahoc.hueuni.edu.vn/index.php/book/detail/6043,1,Phương Pháp dạy học Mĩ thuật ở Tiểu học,Phạm Diệu Linh(Chủ biên),KHOA HỌC GIÁO DỤC,,,2026,CHECKED_UNRESOLVED,https://csdlkhoahoc.hueuni.edu.vn/index.php/book/detail/6043,Đã đọc lại nguồn Đại học Huế và tra mục lục Thư viện Quốc gia; chưa đủ căn cứ bổ sung các trường còn thiếu cho đúng ấn bản.,MISSING,,,Giáo dục học,UNIVERSITY_CANDIDATE,Ưu tiên tiếng Việt; ngôn ngữ ấn bản chưa được xác minh,ISBN_MISSING;MISSING_PUBLISHER,,,6043,REVIEW,"Cần kiểm tra: ISBN_MISSING, MISSING_PUBLISHER"
6020,Giáo trình Dữ liệu Liên kết,"Nguyễn Văn Trung (Chủ biên), Hoàng Nguyễn Tuấn Minh, Nguyễn Hoàng Hà",NXB Đại học Huế,2026,Giáo trình,KHOA HỌC MÁY TÍNH VÀ THÔNG TIN,,,false,https://csdlkhoahoc.hueuni.edu.vn/index.php/book/detail/6020,1,Giáo tình Dữ liệu Liên kết,"Nguyễn Văn Trung(Chủ biên),Hoàng Nguyễn Tuấn Minh,Nguyễn Hoàng Hà",KHOA HỌC MÁY TÍNH VÀ THÔNG TIN,,,2026,VERIFIED_UPDATE,https://csdlkhoahoc.hueuni.edu.vn/index.php/book/detail/6020; https://csdlkhoahoc.hueuni.edu.vn/data/2026/9/GiaoTrinhLinkedData.pdf,"Trang tên của tệp đính kèm ghi NXB Đại học Huế, 2026. Không thấy ISBN trong phần biên mục; giữ thiếu ISBN, mã GT/12-2026 không phải ISBN.",MISSING,,,Công nghệ thông tin,UNIVERSITY_CANDIDATE,Ưu tiên tiếng Việt; ngôn ngữ ấn bản chưa được xác minh,ISBN_MISSING,Sửa lỗi gõ theo bản ghi trùng/ảnh trang tên đã đối chiếu,,6020,REVIEW,Cần kiểm tra: ISBN_MISSING
6057,Cơ sở Toán (tái bản),"Bùi Văn Hiếu (Chủ biên), Tôn Thất Trí (Chủ biên)",NXB Đại học Huế,2026,Giáo trình,Toán học cơ bản,978-604-912-632-1,9786049126321,true,https://csdlkhoahoc.hueuni.edu.vn/index.php/book/detail/6057,1,Cơ sở Toán (tái bản),"Bùi Văn Hiếu(Chủ biên),Tôn Thất Trí(Chủ biên)",Toán học cơ bản,NXB Đại học Huế,978-604-912-632-1,2026,NOT_REVIEWED,,,VALID,true,9786049126321,Toán học và thống kê,UNIVERSITY_CANDIDATE,Ưu tiên tiếng Việt; ngôn ngữ ấn bản chưa được xác minh,,,,6057,READY,Đạt kiểm tra định dạng và tiêu chí tuyển chọn; chưa xác minh thực tế mọi ấn bản.
6058,Phép tính vi tích phân hàm một biến (tái bản),"Huỳnh Thế Phùng (Chủ biên), Bùi Văn Hiếu",NXB Đại học Huế,2026,Giáo trình,Toán học cơ bản,978-604-912-121-0,9786049121210,true,https://csdlkhoahoc.hueuni.edu.vn/index.php/book/detail/6058,1,Phép tính vi tích phân hàm một biến (tái bản),"Huỳnh Thế Phùng(Chủ biên),Bùi Văn Hiếu",Toán học cơ bản,NXB Đại học Huế,978-604-912-121-0,2026,NOT_REVIEWED,,,VALID,true,9786049121210,Toán học và thống kê,UNIVERSITY_CANDIDATE,Ưu tiên tiếng Việt; ngôn ngữ ấn bản chưa được xác minh,,,,6058,READY,Đạt kiểm tra định dạng và tiêu chí tuyển chọn; chưa xác minh thực tế mọi ấn bản.
5962,Tiếp cận ngôn ngữ học tri nhận,"Phạm Thị Hồng Nhung (Chủ biên), Liêu Thị Thanh Nhàn, Lê Lâm Thi",NXB Đại học Huế,2026,Giáo trình,Ngôn ngữ học ứng dụng,9786326272727,9786326272727,true,https://csdlkhoahoc.hueuni.edu.vn/index.php/book/detail/5962,1,Tiếp cận ngôn ngữ học tri nhận,"Phạm Thị Hồng Nhung(Chủ biên),Liêu Thị Thanh Nhàn,Lê Lâm Thi",Ngôn ngữ học ứng dụng,NXB Đại học Huế,9786326272727,2026,NOT_REVIEWED,,,VALID,true,9786326272727,Ngôn ngữ và văn học,UNIVERSITY_CANDIDATE,Ưu tiên tiếng Việt; ngôn ngữ ấn bản chưa được xác minh,,,,5962,READY,Đạt kiểm tra định dạng và tiêu chí tuyển chọn; chưa xác minh thực tế mọi ấn bản.
5994,Giáo dục học 1,"Nguyễn Thanh Hùng (Chủ biên), Phan Minh Tiến, Trần Văn Hiếu, Phạm Thị Thúy Hằng, Nguyễn Thị Hà, Mai Thị Thanh Thủy, Đinh Thị Phương Loan, Nguyễn Thanh Bình",NXB Đại học Huế,2026,Giáo trình,KHOA HỌC GIÁO DỤC,Giao,,false,https://csdlkhoahoc.hueuni.edu.vn/index.php/book/detail/5994,1,Giáo dục học 1,"Nguyễn Thanh Hùng(Chủ biên),Phan Minh Tiến,Trần Văn Hiếu,Phạm Thị Thúy Hằng,Nguyễn Thị Hà,Mai Thị Thanh Thủy,Đinh Thị Phương Loan,Nguyễn Thanh Bình",KHOA HỌC GIÁO DỤC,NXB Đại học Huế,Giao,2026,CHECKED_UNRESOLVED,https://csdlkhoahoc.hueuni.edu.vn/index.php/book/detail/5994,Đã đọc lại nguồn Đại học Huế và tra mục lục Thư viện Quốc gia; chưa đủ căn cứ bổ sung các trường còn thiếu cho đúng ấn bản.,MISSING,,,Giáo dục học,UNIVERSITY_CANDIDATE,Ưu tiên tiếng Việt; ngôn ngữ ấn bản chưa được xác minh,ISBN_MISSING,,,5994,REVIEW,Cần kiểm tra: ISBN_MISSING
6054,Giáo trình chính trị học đại cương,Nguyễn Thị Kiều Sương,NXB Đại học Thái Nguyên,2026,Giáo trình,KHOA HỌC CHÍNH TRỊ,978-604-350-755-3,9786043507553,true,https://csdlkhoahoc.hueuni.edu.vn/index.php/book/detail/6054,1,Giáo trình chính trị học đại cương,Nguyễn Thị Kiều Sương,KHOA HỌC CHÍNH TRỊ,NXB Đại học Thái Nguyên,978-604-350-755-3,2026,NOT_REVIEWED,,,VALID,true,9786043507553,Khoa học chính trị,UNIVERSITY_CANDIDATE,Ưu tiên tiếng Việt; ngôn ngữ ấn bản chưa được xác minh,,,6052,6054;6052,DUPLICATE,"Trùng ISBN hợp lệ, nhan đề chuẩn hóa, năm và nhà xuất bản; giữ nguồn liên quan để truy vết, kiểm tra khác biệt tác giả ở dòng đại diện."
6052,Giáo trình Chính trị học đại cương,Nguyễn Thế Phúc (Chủ biên),NXB Đại học Thái Nguyên,2026,Giáo trình,KHOA HỌC CHÍNH TRỊ,9786043507553,9786043507553,true,https://csdlkhoahoc.hueuni.edu.vn/index.php/book/detail/6052,1,Giáo trình Chính trị học đại cương,Nguyễn Thế Phúc(Chủ biên),KHOA HỌC CHÍNH TRỊ,NXB Đại học Thái Nguyên,9786043507553,2026,CHECKED_UNRESOLVED,https://csdlkhoahoc.hueuni.edu.vn/index.php/book/detail/6052,Đã đọc lại nguồn Đại học Huế và tra mục lục Thư viện Quốc gia; chưa đủ căn cứ bổ sung các trường còn thiếu cho đúng ấn bản.,VALID,true,9786043507553,Khoa học chính trị,UNIVERSITY_CANDIDATE,Ưu tiên tiếng Việt; ngôn ngữ ấn bản chưa được xác minh,AUTHOR_METADATA_REVIEW,,,6054;6052,REVIEW,Cần kiểm tra: AUTHOR_METADATA_REVIEW
5944,GIÁO TRÌNH ĐẠI HỌC CHĂM SÓC SỨC KHỎE CỘNG ĐỒNG,"Hồ Duy Bính (Chủ biên), Đào Nguyễn Diệu Trang (Chủ biên), Dương Thị Ngọc Lan (Chủ biên), Mai Bá Hải, Lê Văn An, Nguyễn Thị Phương Thảo, Hồ Thị Thùy Trang, Phạm Thị Thuý Vũ, Đặng Thị Thanh Phúc",NXB Đại học Huế,2026,Giáo trình,Điều dưỡng,978-604-337-770-5,9786043377705,true,https://csdlkhoahoc.hueuni.edu.vn/index.php/book/detail/5944,1,GIÁO TRÌNH ĐẠI HỌC CHĂM SÓC SỨC KHỎE CỘNG ĐỒNG,"Hồ Duy Bính(Chủ biên),Đào Nguyễn Diệu Trang(Chủ biên),Dương Thị Ngọc Lan(Chủ biên),Mai Bá Hải,Lê Văn An,Nguyễn Thị Phương Thảo,Hồ Thị Thùy Trang,Phạm Thị Thuý Vũ,Đặng Thị Thanh Phúc",Điều dưỡng,NXB Đại học Huế,978-604-337-770-5,2026,NOT_REVIEWED,,,VALID,true,9786043377705,Y dược và sức khỏe,UNIVERSITY_CANDIDATE,Ưu tiên tiếng Việt; ngôn ngữ ấn bản chưa được xác minh,,,,5944,READY,Đạt kiểm tra định dạng và tiêu chí tuyển chọn; chưa xác minh thực tế mọi ấn bản.
6006,Cơ học kết cấu,"Phạm Việt Hùng (Chủ biên), Nguyễn Thị Thanh",NXB Đại học Huế,2026,Giáo trình,Kỹ thuật xây dựng,978-632-627-389-2,9786326273892,true,https://csdlkhoahoc.hueuni.edu.vn/index.php/book/detail/6006,1,Cơ học kết cấu,"Phạm Việt Hùng(Chủ biên),Nguyễn Thị Thanh",Kỹ thuật xây dựng,NXB Đại học Huế,978-632-627-389-2,2026,NOT_REVIEWED,,,VALID,true,9786326273892,Kỹ thuật và công nghệ,UNIVERSITY_CANDIDATE,Ưu tiên tiếng Việt; ngôn ngữ ấn bản chưa được xác minh,,,,6006,READY,Đạt kiểm tra định dạng và tiêu chí tuyển chọn; chưa xác minh thực tế mọi ấn bản.
5939,Giáo trình Quyền con người trong lĩnh vực tư pháp hình sự,Hà Lệ Thủy,NXB Công an nhân dân,2026,Giáo trình,PHÁP LUẬT,978-604-72-8146-6,9786047281466,true,https://csdlkhoahoc.hueuni.edu.vn/index.php/book/detail/5939,1,Giáo trình Quyền con người trong lĩnh vực tư pháp hình sự,Hà Lệ Thủy,PHÁP LUẬT,NXB Công an nhân dân,978-604-72-8146-6,2026,NOT_REVIEWED,,,VALID,true,9786047281466,Luật học,UNIVERSITY_CANDIDATE,Ưu tiên tiếng Việt; ngôn ngữ ấn bản chưa được xác minh,,,,5939,READY,Đạt kiểm tra định dạng và tiêu chí tuyển chọn; chưa xác minh thực tế mọi ấn bản.
6028,Giáo trình Chẩn đoán hình ảnh,"Nguyễn Thanh Thảo (Chủ biên), Hà Thị Hiền, Hoàng Thị Ngọc Hà, Trần Thị Sông Hương, Lê Trọng Bỉnh, Hoàng Trung Hiếu, Lê Minh Tuấn, Văn Nữ Thuỳ Linh, Phan Thị Thanh Hương, Nguyễn Thị Hiền, Nguyễn Hoàng Minh, Trần Thị Mỹ Huyền",NXB Đại học Huế,2026,Giáo trình,"Y học, y tế và dược chưa xếp vào mục nào khác",,,false,https://csdlkhoahoc.hueuni.edu.vn/index.php/book/detail/6028,2,Giáo trình Chẩn đoán hình ảnh,"Nguyễn Thanh Thảo(Chủ biên),Hà Thị Hiền,Hoàng Thị Ngọc Hà,Trần Thị Sông Hương,Lê Trọng Bỉnh,Hoàng Trung Hiếu,Lê Minh Tuấn,Văn Nữ Thuỳ Linh,Phan Thị Thanh Hương,Nguyễn Thị Hiền,Nguyễn Hoàng Minh,Trần Thị Mỹ Huyền","Y học, y tế và dược chưa xếp vào mục nào khác",NXB Đại học Huế,,2026,CHECKED_UNRESOLVED,https://csdlkhoahoc.hueuni.edu.vn/index.php/book/detail/6028,Đã đọc lại nguồn Đại học Huế và tra mục lục Thư viện Quốc gia; chưa đủ căn cứ bổ sung các trường còn thiếu cho đúng ấn bản.,MISSING,,,Y dược và sức khỏe,UNIVERSITY_CANDIDATE,Ưu tiên tiếng Việt; ngôn ngữ ấn bản chưa được xác minh,ISBN_MISSING,,,6028,REVIEW,Cần kiểm tra: ISBN_MISSING
5931,Public International Law 2,Hồ Nhân Ái (Chủ biên),,2026,Giáo trình,PHÁP LUẬT,978-632-627-278-9,9786326272789,true,https://csdlkhoahoc.hueuni.edu.vn/index.php/book/detail/5931,2,Public International Law 2,Hồ Nhân Ái(Chủ biên),PHÁP LUẬT,,978-632-627-278-9,2026,CHECKED_UNRESOLVED,https://csdlkhoahoc.hueuni.edu.vn/index.php/book/detail/5931,Đã đọc lại nguồn Đại học Huế và tra mục lục Thư viện Quốc gia; chưa đủ căn cứ bổ sung các trường còn thiếu cho đúng ấn bản.,VALID,true,9786326272789,Luật học,UNIVERSITY_CANDIDATE,Ưu tiên tiếng Việt; ngôn ngữ ấn bản chưa được xác minh,MISSING_PUBLISHER,,,5931,REVIEW,Cần kiểm tra: MISSING_PUBLISHER
5916,GIÁO TRÌNH THỰC HÀNH DỊCH CƠ BẢN 1,"CAO XUÂN ANH TÚ, Đinh Thị Thu Hiền, Đinh Thị Thu Hiền, Dương Thảo Tiên, PHẠM NGUYỄN THANH THẢO, Lê Đình Tuấn",NXB Đại học Huế,2026,Giáo trình,Ngôn ngữ học ứng dụng,978-632-627-134-8,9786326271348,true,https://csdlkhoahoc.hueuni.edu.vn/index.php/book/detail/5916,2,GIÁO TRÌNH THỰC HÀNH DỊCH CƠ BẢN 1,"CAO XUÂN ANH TÚ,Đinh Thị Thu Hiền,Đinh Thị Thu Hiền,Dương Thảo Tiên,PHẠM NGUYỄN THANH THẢO,Lê Đình Tuấn",Ngôn ngữ học ứng dụng,NXB Đại học Huế,978-632-627-134-8,2026,NOT_REVIEWED,,,VALID,true,9786326271348,Ngôn ngữ và văn học,UNIVERSITY_CANDIDATE,Ưu tiên tiếng Việt; ngôn ngữ ấn bản chưa được xác minh,,,,5916,READY,Đạt kiểm tra định dạng và tiêu chí tuyển chọn; chưa xác minh thực tế mọi ấn bản.
5911,Giáo trình Phân tích Diễn ngôn,"Phạm Thị Hồng Nhung (Chủ biên), Phạm Thị Nguyên Ái, Hoàng Thị Thu Hạnh, Lê Lâm Thi, Hoàng Thị Khánh Tâm",NXB Đại học Huế,2026,Giáo trình,Ngôn ngữ học ứng dụng,9786326272772,9786326272772,true,https://csdlkhoahoc.hueuni.edu.vn/index.php/book/detail/5911,2,Giáo trình Phân tích Diễn ngôn,"Phạm Thị Hồng Nhung(Chủ biên),Phạm Thị Nguyên Ái,Hoàng Thị Thu Hạnh,Lê Lâm Thi,Hoàng Thị Khánh Tâm",Ngôn ngữ học ứng dụng,NXB Đại học Huế,9786326272772,2026,NOT_REVIEWED,,,VALID,true,9786326272772,Ngôn ngữ và văn học,UNIVERSITY_CANDIDATE,Ưu tiên tiếng Việt; ngôn ngữ ấn bản chưa được xác minh,,,,5911,READY,Đạt kiểm tra định dạng và tiêu chí tuyển chọn; chưa xác minh thực tế mọi ấn bản.
6019,Giáo Trình Sau Đaị Học Bệnh Da Nhiễm Trùng,"Mai Bá Hoàng Anh (Chủ biên), Nguyễn Thị Trà My, Võ Tường Thảo Vy, Mai Thị Cẩm Cát, Nguyễn Lê Thanh Hải, Dương Hữu Thành",NXB Đại học Huế,2026,Giáo trình,"Da liễu, Hoa liễu",978-632-627-313-7,9786326273137,true,https://csdlkhoahoc.hueuni.edu.vn/index.php/book/detail/6019,2,Giáo Trình Sau Đaị Học Bệnh Da Nhiễm Trùng,"Mai Bá Hoàng Anh(Chủ biên),Nguyễn Thị Trà My,Võ Tường Thảo Vy,Mai Thị Cẩm Cát, Nguyễn Lê Thanh Hải, Dương Hữu Thành","Da liễu, Hoa liễu",NXB Đại học Huế,978-632-627-313-7,2026,NOT_REVIEWED,,,VALID,true,9786326273137,Y dược và sức khỏe,UNIVERSITY_CANDIDATE,Ưu tiên tiếng Việt; ngôn ngữ ấn bản chưa được xác minh,,,,6019,READY,Đạt kiểm tra định dạng và tiêu chí tuyển chọn; chưa xác minh thực tế mọi ấn bản.
5922,"TÂM LÝ THI ĐẤU ""NÂNG TẦM PHONG ĐỘ VẬN ĐỘNG VIÊN""",Nguyễn Văn Tuấn,NXB Tri thức,2026,Giáo trình,KHOA HỌC GIÁO DỤC,978-632-628-928-2,9786326289282,true,https://csdlkhoahoc.hueuni.edu.vn/index.php/book/detail/5922,2,"TÂM LÝ THI ĐẤU ""NÂNG TẦM PHONG ĐỘ VẬN ĐỘNG VIÊN""",Nguyễn Văn Tuấn,KHOA HỌC GIÁO DỤC,NXB Tri thức,978-632-628-928-2,2026,NOT_REVIEWED,,,VALID,true,9786326289282,Giáo dục học,UNIVERSITY_CANDIDATE,Ưu tiên tiếng Việt; ngôn ngữ ấn bản chưa được xác minh,,,,5922,READY,Đạt kiểm tra định dạng và tiêu chí tuyển chọn; chưa xác minh thực tế mọi ấn bản.
5966,Giáo trình Điện hóa học,"Nguyễn Thị Anh Thư (Chủ biên), Hoàng Văn Đức (Chủ biên)",NXB Đại học Huế,2026,Giáo trình,Hoá lý,9786326272918,9786326272918,true,https://csdlkhoahoc.hueuni.edu.vn/index.php/book/detail/5966,2,Giáo trình Điện hóa học,"Nguyễn Thị Anh Thư(Chủ biên),Hoàng Văn Đức(Chủ biên)",Hoá lý,NXB Đại học Huế,,2026,VERIFIED_UPDATE,https://csdlkhoahoc.hueuni.edu.vn/index.php/book/detail/5966; https://opac.nlv.gov.vn/chi-tiet-tai-lieu/giao-trinh-dien-hoa-hoc-202611304130813201146,"Bổ sung/đính chính ISBN theo MARC 020 của Thư viện Quốc gia; đã đối chiếu nhan đề, tác giả, nhà xuất bản và năm với bản ghi nguồn.",VALID,,9786326272918,Hóa học,UNIVERSITY_CANDIDATE,Ưu tiên tiếng Việt; ngôn ngữ ấn bản chưa được xác minh,,,,5966,READY,Đạt kiểm tra định dạng và tiêu chí tuyển chọn; chưa xác minh thực tế mọi ấn bản.
5908,Giáo trình tổng quan du lịch,"Phan Thanh Vịnh (Chủ biên), Lê Thanh An (Chủ biên), Trần Thị Ngọc Liên (Chủ biên)",NXB Công Thương,2026,Giáo trình,KINH TẾ VÀ KINH DOANH,978-632-630-479-4,9786326304794,true,https://csdlkhoahoc.hueuni.edu.vn/index.php/book/detail/5908,2,Giáo trình tổng quan du lịch,"Phan Thanh Vịnh (Chủ biên),Lê Thanh An(Chủ biên),Trần Thị Ngọc Liên(Chủ biên)",KINH TẾ VÀ KINH DOANH,NXB Công Thương,978-632-630-479-4,2026,NOT_REVIEWED,,,VALID,true,9786326304794,Kinh tế và quản trị,UNIVERSITY_CANDIDATE,Ưu tiên tiếng Việt; ngôn ngữ ấn bản chưa được xác minh,,,,5908,READY,Đạt kiểm tra định dạng và tiêu chí tuyển chọn; chưa xác minh thực tế mọi ấn bản.
6072,Hệ chuyển hóa học,"Nguyễn Hoàng Lộc (Chủ biên), Lê Thị Hà Thanh, Nguyễn Hoàng Tuệ",,2026,Giáo trình,SINH HỌC,,,false,https://csdlkhoahoc.hueuni.edu.vn/index.php/book/detail/6072,2,Hệ chuyển hóa học,"Nguyễn Hoàng Lộc(Chủ biên),Lê Thị Hà Thanh,Nguyễn Hoàng Tuệ",SINH HỌC,,,2026,CHECKED_UNRESOLVED,https://csdlkhoahoc.hueuni.edu.vn/index.php/book/detail/6072,Đã đọc lại nguồn Đại học Huế và tra mục lục Thư viện Quốc gia; chưa đủ căn cứ bổ sung các trường còn thiếu cho đúng ấn bản.,MISSING,,,Sinh học,UNIVERSITY_CANDIDATE,Ưu tiên tiếng Việt; ngôn ngữ ấn bản chưa được xác minh,ISBN_MISSING;MISSING_PUBLISHER,,,6072,REVIEW,"Cần kiểm tra: ISBN_MISSING, MISSING_PUBLISHER"
5968,Phương Pháp dạy học hoá học,"Đặng Thị Thuận An (Chủ biên), Nguyễn Thị Thùy Trang",NXB Đại học Huế,2026,Giáo trình,"Khoa học giáo dục học nói chung, bao gồm cả đào tạo, sư phạm học, lý luận giáo dục,..",978-632-627-127-0,9786326271270,true,https://csdlkhoahoc.hueuni.edu.vn/index.php/book/detail/5968,2,Phương Pháp dạy học hoá học,"Đặng Thị Thuận An(Chủ biên),Nguyễn Thị Thùy Trang","Khoa học giáo dục học nói chung, bao gồm cả đào tạo, sư phạm học, lý luận giáo dục,..",NXB Đại học Huế,978-632-627-127-0,2026,NOT_REVIEWED,,,VALID,true,9786326271270,Giáo dục học,UNIVERSITY_CANDIDATE,Ưu tiên tiếng Việt; ngôn ngữ ấn bản chưa được xác minh,,,,5968,READY,Đạt kiểm tra định dạng và tiêu chí tuyển chọn; chưa xác minh thực tế mọi ấn bản.
6034,Giáo trình Đại học Dinh dưỡng theo lứa tuổi,"Hoàng Thị Bạch Yến (Chủ biên), Nguyễn Thị Thanh Nhàn, Trần Thị Táo, Bùi Thị Phương Anh, Võ Nữ Hồng Đức",NXB Đại học Huế,2026,Giáo trình,Dinh dưỡng; Khoa học về ăn kiêng,978-632-627-271-0,9786326272710,true,https://csdlkhoahoc.hueuni.edu.vn/index.php/book/detail/6034,2,Giáo trình Đại học Dinh dưỡng theo lứa tuổi,"Hoàng Thị Bạch Yến(Chủ biên),Nguyễn Thị Thanh Nhàn,Trần Thị Táo,Bùi Thị Phương Anh,Võ Nữ Hồng Đức",Dinh dưỡng; Khoa học về ăn kiêng,NXB Đại học Huế,978-632-627-271-0,2026,NOT_REVIEWED,,,VALID,true,9786326272710,Y dược và sức khỏe,UNIVERSITY_CANDIDATE,Ưu tiên tiếng Việt; ngôn ngữ ấn bản chưa được xác minh,,,,6034,READY,Đạt kiểm tra định dạng và tiêu chí tuyển chọn; chưa xác minh thực tế mọi ấn bản.
5919,Bản đồ và phân vùng chức năng trong lĩnh vực thủy sản,"Hà Nam Thắng (Chủ biên), Mạc Như Bình",NXB Đại học Huế,2026,Giáo trình,"Thuỷ văn; Tài nguyên nước, KHOA HỌC TỰ NHIÊN KHÁC, Viễn thám, Nuôi trồng thuỷ sản, Hệ sinh thái và đánh giá nguồn lợi thuỷ sản",978-632-627-227-7,9786326272277,true,https://csdlkhoahoc.hueuni.edu.vn/index.php/book/detail/5919,2,Bản đồ và phân vùng chức năng trong lĩnh vực thủy sản,"Hà Nam Thắng(Chủ biên),Mạc Như Bình","Thuỷ văn; Tài nguyên nước, KHOA HỌC TỰ NHIÊN KHÁC, Viễn thám, Nuôi trồng thuỷ sản, Hệ sinh thái và đánh giá nguồn lợi thuỷ sản",NXB Đại học Huế,978-632-627-227-7,2026,NOT_REVIEWED,,,VALID,true,9786326272277,Nông nghiệp và thú y,UNIVERSITY_CANDIDATE,Ưu tiên tiếng Việt; ngôn ngữ ấn bản chưa được xác minh,,,,5919,READY,Đạt kiểm tra định dạng và tiêu chí tuyển chọn; chưa xác minh thực tế mọi ấn bản.
5929,Giáo trình Luật quốc tế - Phần 2,"Hồ Nhân Ái (Chủ biên), Nguyễn Thị Hà, Lê Khắc Đại, Nguyễn Hữu Khánh Linh, Nguyễn Thị Hạnh",NXB Tư Pháp,2026,Giáo trình,PHÁP LUẬT,978-604-81-3902-5,9786048139025,true,https://csdlkhoahoc.hueuni.edu.vn/index.php/book/detail/5929,3,Giáo trình Luật quốc tế - Phần 2,"Hồ Nhân Ái(Chủ biên),Nguyễn Thị Hà,Lê Khắc Đại,Nguyễn Hữu Khánh Linh,Nguyễn Thị Hạnh",PHÁP LUẬT,NXB Tư Pháp,978-604-81-3902-5,2026,NOT_REVIEWED,,,VALID,true,9786048139025,Luật học,UNIVERSITY_CANDIDATE,Ưu tiên tiếng Việt; ngôn ngữ ấn bản chưa được xác minh,,,,5929,READY,Đạt kiểm tra định dạng và tiêu chí tuyển chọn; chưa xác minh thực tế mọi ấn bản.
6024,Châm cứu học (Dành cho sinh viên ngành Y học cổ truyền hệ chính quy),"Đoàn Văn Minh (Chủ biên), Trần Nhật Minh, Nguyễn Văn Hưng, Nguyễn Thị Tân, Phạm Thị Xuân Mai, Nguyễn Thị Hương Lam, Nguyễn Viết Phương Nguyên, Nguyễn Thị Kim Liên, Trương Thanh Tú, Châu Văn Hảo, Nguyễn Quang Tâm, Lê Thị Minh Thảo, Nguyễn Thị Anh, Đoàn Văn Hân, Lê Công Hậu, Lê Thị Khánh Ly",NXB Đại học Huế,2026,Giáo trình,Y học dân tộc; y học cổ truyền,978-632-627-216-1,9786326272161,true,https://csdlkhoahoc.hueuni.edu.vn/index.php/book/detail/6024,3,Châm cứu học (Dành cho sinh viên ngành Y học cổ truyền hệ chính quy),"Đoàn Văn Minh(Chủ biên),Trần Nhật Minh,Nguyễn Văn Hưng,Nguyễn Thị Tân,Phạm Thị Xuân Mai,Nguyễn Thị Hương Lam,Nguyễn Viết Phương Nguyên,Nguyễn Thị Kim Liên,Trương Thanh Tú,Châu Văn Hảo,Nguyễn Quang Tâm,Lê Thị Minh Thảo,Nguyễn Thị Anh, Đoàn Văn Hân, Lê Công Hậu, Lê Thị Khánh Ly",Y học dân tộc; y học cổ truyền,NXB Đại học Huế,978-632-627-216-1,2026,CHECKED_UNRESOLVED,https://csdlkhoahoc.hueuni.edu.vn/index.php/book/detail/6024; https://opac.nlv.gov.vn/chi-tiet-tai-lieu/giao-trinh-cham-cuu-hoc-202611304110813201203,"Thư viện Quốc gia xác nhận ISBN, năm 2026 và chủ biên Đoàn Văn Minh. Hồ sơ 6018 chỉ kê một người tham gia; giữ danh sách đầy đủ của 6024. Vẫn vướng giới hạn 255 ký tự, không cắt tác giả.",VALID,true,9786326272161,Y dược và sức khỏe,UNIVERSITY_CANDIDATE,Ưu tiên tiếng Việt; ngôn ngữ ấn bản chưa được xác minh,TOO_LONG_AUTHOR,,,6024;6018,REVIEW,Cần kiểm tra: TOO_LONG_AUTHOR
6018,Giáo trình Châm cứu học (Dành cho sinh viên ngành Y học cổ truyền hệ chính quy),Nguyễn Viết Phương Nguyên,NXB Đại học Huế,2026,Giáo trình,Y học dân tộc; y học cổ truyền,978-632-627-216-1,9786326272161,true,https://csdlkhoahoc.hueuni.edu.vn/index.php/book/detail/6018,3,Giáo trình Châm cứu học (Dành cho sinh viên ngành Y học cổ truyền hệ chính quy),Nguyễn Viết Phương Nguyên,Y học dân tộc; y học cổ truyền,NXB Đại học Huế,978-632-627-216-1,2026,NOT_REVIEWED,,,VALID,true,9786326272161,Y dược và sức khỏe,UNIVERSITY_CANDIDATE,Ưu tiên tiếng Việt; ngôn ngữ ấn bản chưa được xác minh,,,6024,6024;6018,DUPLICATE,"Trùng ISBN hợp lệ, nhan đề chuẩn hóa, năm và nhà xuất bản; giữ nguồn liên quan để truy vết, kiểm tra khác biệt tác giả ở dòng đại diện."
5829,Sử dụng phương tiện trực quan trong dạy học môn Lịch sử và Địa lí Trung học cơ sở,Nguyễn Đức Cương,NXB Đại học Huế.,2026,Giáo trình,"Khoa học giáo dục học nói chung, bao gồm cả đào tạo, sư phạm học, lý luận giáo dục,..",,,false,https://csdlkhoahoc.hueuni.edu.vn/index.php/book/detail/5829,3,Sử dụng phương tiện trực quan trong dạy học môn Lịch sử và Địa lí Trung học cơ sở,Nguyễn Đức Cương,"Khoa học giáo dục học nói chung, bao gồm cả đào tạo, sư phạm học, lý luận giáo dục,..",NXB Đại học Huế.,,2026,CHECKED_UNRESOLVED,https://csdlkhoahoc.hueuni.edu.vn/index.php/book/detail/5829,Đã đọc lại nguồn Đại học Huế và tra mục lục Thư viện Quốc gia; chưa đủ căn cứ bổ sung các trường còn thiếu cho đúng ấn bản.,MISSING,,,Giáo dục học,UNIVERSITY_CANDIDATE,Ưu tiên tiếng Việt; ngôn ngữ ấn bản chưa được xác minh,ISBN_MISSING,,,5829,REVIEW,Cần kiểm tra: ISBN_MISSING
6003,TIẾNG ANH CHUYÊN NGÀNH Y - DƯỢC,,,2026,Giáo trình,DƯỢC HỌC,,,false,https://csdlkhoahoc.hueuni.edu.vn/index.php/book/detail/6003,3,TIẾNG ANH CHUYÊN NGÀNH Y - DƯỢC,,DƯỢC HỌC,,,2026,CHECKED_UNRESOLVED,https://csdlkhoahoc.hueuni.edu.vn/index.php/book/detail/6003,Đã đọc lại nguồn Đại học Huế và tra mục lục Thư viện Quốc gia; chưa đủ căn cứ bổ sung các trường còn thiếu cho đúng ấn bản.,MISSING,,,Y dược và sức khỏe,UNIVERSITY_CANDIDATE,Ưu tiên tiếng Việt; ngôn ngữ ấn bản chưa được xác minh,ISBN_MISSING;MISSING_AUTHOR;MISSING_PUBLISHER,,,6003,REVIEW,"Cần kiểm tra: ISBN_MISSING, MISSING_AUTHOR, MISSING_PUBLISHER"
6070,Con người và sức khỏe,"Bùi Thị Chính (Chủ biên), Nguyễn Thị Tường Vy (Chủ biên), Nguyễn Thị Kim Cơ (Chủ biên), Trần Văn Giang (Chủ biên)",NXB Đại học Huế,2025,Giáo trình,SINH HỌC,,,false,https://csdlkhoahoc.hueuni.edu.vn/index.php/book/detail/6070,3,Con người và sức khỏe,"Bùi Thị Chính(Chủ biên),Nguyễn Thị Tường Vy(Chủ biên),Nguyễn Thị Kim Cơ(Chủ biên),Trần Văn Giang(Chủ biên)",SINH HỌC,NXB Đại học Huế,,2025,CHECKED_UNRESOLVED,https://csdlkhoahoc.hueuni.edu.vn/index.php/book/detail/6070,Đã đọc lại nguồn Đại học Huế và tra mục lục Thư viện Quốc gia; chưa đủ căn cứ bổ sung các trường còn thiếu cho đúng ấn bản.,MISSING,,,Sinh học,UNIVERSITY_CANDIDATE,Ưu tiên tiếng Việt; ngôn ngữ ấn bản chưa được xác minh,ISBN_MISSING,,,6070,REVIEW,Cần kiểm tra: ISBN_MISSING
5930,Giáo trình Luật quốc tế - Phần 1,"Hồ Nhân Ái, Nguyễn Thị Hà, Lê Khắc Đại, Nguyễn Hữu Khánh Linh, Nguyễn Thị Hạnh",NXB Tư Pháp,2025,Giáo trình,PHÁP LUẬT,978-604-81-3854-7,9786048138547,true,https://csdlkhoahoc.hueuni.edu.vn/index.php/book/detail/5930,3,Giáo trình Luật quốc tế - Phần 1,"Hồ Nhân Ái,Nguyễn Thị Hà,Lê Khắc Đại,Nguyễn Hữu Khánh Linh,Nguyễn Thị Hạnh",PHÁP LUẬT,NXB Tư Pháp,978-604-81-3854-7,2025,NOT_REVIEWED,,,VALID,true,9786048138547,Luật học,UNIVERSITY_CANDIDATE,Ưu tiên tiếng Việt; ngôn ngữ ấn bản chưa được xác minh,,,,5930,READY,Đạt kiểm tra định dạng và tiêu chí tuyển chọn; chưa xác minh thực tế mọi ấn bản.
5815,Lý thuyết trường điện từ,"Lê Thị Diệu Hiền (Chủ biên), Lê Ngọc Minh (Chủ biên), Lê Thị Ngọc Bảo, Lê Phước Định",NXB Đại học Huế,2025,Giáo trình,VẬT LÝ,9786326271263,9786326271263,true,https://csdlkhoahoc.hueuni.edu.vn/index.php/book/detail/5815,3,Lý thuyết trường điện từ,"Lê Thị Diệu Hiền(Chủ biên),Lê Ngọc Minh(Chủ biên),Lê Thị Ngọc Bảo,Lê Phước Định",VẬT LÝ,NXB Đại học Huế,978-632-627-126-7,2025,VERIFIED_UPDATE,https://csdlkhoahoc.hueuni.edu.vn/index.php/book/detail/5815; https://opac.nlv.gov.vn/chi-tiet-tai-lieu/giao-trinh-ly-thuyet-truong-dien-tu-202611014710813200219; https://csdlkhoahoc.hueuni.edu.vn/data/2026/7/Giao_trinh_Ly_thuyet_truong_dien_tu.pdf,"Bổ sung/đính chính ISBN theo MARC 020 của Thư viện Quốc gia; đã đối chiếu nhan đề, tác giả, nhà xuất bản và năm với bản ghi nguồn. Trang bản quyền đính kèm cũng in 978-632-627-126-7 (sai checksum); mã 9786326271263 lấy từ thư viện, không phải tự tính rồi đoán mã thay thế.",VALID,false,9786326271263,Vật lý,UNIVERSITY_CANDIDATE,Ưu tiên tiếng Việt; ngôn ngữ ấn bản chưa được xác minh,,,,5815,READY,Đạt kiểm tra định dạng và tiêu chí tuyển chọn; chưa xác minh thực tế mọi ấn bản.
5718,PHƯƠNG PHÁP LUẬN NGHIÊN CỨU VĂN HỌC DÂN GIAN,Nguyễn Thị Kim Ngân (Chủ biên),NXB Đại học Huế,2025,Giáo trình,KHOA HỌC NHÂN VĂN,978-632-627-292-5,9786326272925,true,https://csdlkhoahoc.hueuni.edu.vn/index.php/book/detail/5718,3,PHƯƠNG PHÁP LUẬN NGHIÊN CỨU VĂN HỌC DÂN GIAN,Nguyễn Thị Kim Ngân(Chủ biên),KHOA HỌC NHÂN VĂN,NXB Đại học Huế,978-632-627-292-5,2025,NOT_REVIEWED,,,VALID,true,9786326272925,Khoa học xã hội và nhân văn,UNIVERSITY_CANDIDATE,Ưu tiên tiếng Việt; ngôn ngữ ấn bản chưa được xác minh,,,,5718,READY,Đạt kiểm tra định dạng và tiêu chí tuyển chọn; chưa xác minh thực tế mọi ấn bản.
6013,Giáo trình Giải tích 1,"Lê Thị Như Bích, Nguyễn Thái An (Chủ biên), Trần Thiện Tín, Phạm Đình Đồng",NXB Đại học Huế,2025,Giáo trình,TOÁN HỌC VÀ THỐNG KÊ,978-632-627-142-3,9786326271423,true,https://csdlkhoahoc.hueuni.edu.vn/index.php/book/detail/6013,3,Giáo trình Giải tích 1,"Lê Thị Như Bích,Nguyễn Thái An(Chủ biên),Trần Thiện Tín,Phạm Đình Đồng",TOÁN HỌC VÀ THỐNG KÊ,NXB Đại học Huế,978-632-627-142-3,2025,NOT_REVIEWED,,,VALID,true,9786326271423,Toán học và thống kê,UNIVERSITY_CANDIDATE,Ưu tiên tiếng Việt; ngôn ngữ ấn bản chưa được xác minh,,,,6013,READY,Đạt kiểm tra định dạng và tiêu chí tuyển chọn; chưa xác minh thực tế mọi ấn bản.
5812,Kỹ năng cơ bản trong phiên dịch (Basic skills in interpreting),"Tôn Nữ Như Hương (Chủ biên), Hoàng Thị Linh Giang, Tôn Nữ Như Ngọc",NXB Đại học Huế,2025,Giáo trình,Ngôn ngữ học ứng dụng,978-632-627-182-9,9786326271829,true,https://csdlkhoahoc.hueuni.edu.vn/index.php/book/detail/5812,3,Kỹ năng cơ bản trong phiên dịch (Basic skills in interpreting),"Tôn Nữ Như Hương(Chủ biên),Hoàng Thị Linh Giang,Tôn Nữ Như Ngọc",Ngôn ngữ học ứng dụng,NXB Đại học Huế,978-632-627-182-9,2025,NOT_REVIEWED,,,VALID,true,9786326271829,Ngôn ngữ và văn học,UNIVERSITY_CANDIDATE,Ưu tiên tiếng Việt; ngôn ngữ ấn bản chưa được xác minh,,,,5812,READY,Đạt kiểm tra định dạng và tiêu chí tuyển chọn; chưa xác minh thực tế mọi ấn bản.
5859,Logic and Mathematical Reasoning,"Tran Kiem Minh (Chủ biên), Nguyen Thi Duyen",NXB Đại học Huế,2025,Giáo trình,Toán học cơ bản,978-632-627-193-5,9786326271935,true,https://csdlkhoahoc.hueuni.edu.vn/index.php/book/detail/5859,3,Logic and Mathematical Reasoning,"Tran Kiem Minh(Chủ biên),Nguyen Thi Duyen",Toán học cơ bản,NXB Đại học Huế,978-632-627-193-5,2025,NOT_REVIEWED,,,VALID,true,9786326271935,Toán học và thống kê,UNIVERSITY_CANDIDATE,Ưu tiên tiếng Việt; ngôn ngữ ấn bản chưa được xác minh,,,,5859,READY,Đạt kiểm tra định dạng và tiêu chí tuyển chọn; chưa xác minh thực tế mọi ấn bản.
6008,BỒI THƯỜNG GIẢI PHÓNG MẶT BẰNG,"Phạm Thị Thảo Hiền, Dương Quốc Nõn, Nguyễn Ngọc Thanh, Nguyễn Hữu Ngữ (Chủ biên), Lê Hữu Ngọc Thanh (Chủ biên)",NXB Đại học Huế,2025,Giáo trình,KHOA HỌC NÔNG NGHIỆP,978-604-489-999-2,9786044899992,true,https://csdlkhoahoc.hueuni.edu.vn/index.php/book/detail/6008,4,BỒI THƯỜNG GIẢI PHÓNG MẶT BẰNG,"Phạm Thị Thảo Hiền,Dương Quốc Nõn,Nguyễn Ngọc Thanh,Nguyễn Hữu Ngữ(Chủ biên),Lê Hữu Ngọc Thanh(Chủ biên)",KHOA HỌC NÔNG NGHIỆP,NXB Đại học Huế,978-604-489-999-2,2025,NOT_REVIEWED,,,VALID,true,9786044899992,Nông nghiệp và thú y,UNIVERSITY_CANDIDATE,Ưu tiên tiếng Việt; ngôn ngữ ấn bản chưa được xác minh,,,,6008,READY,Đạt kiểm tra định dạng và tiêu chí tuyển chọn; chưa xác minh thực tế mọi ấn bản.
5958,Giáo trình Vật lý đại cương 1( Cơ-nhiệt),"Phan Đình Giớ (Chủ biên), Lê Trần Uyên Tú (Chủ biên), Nguyễn Phạm Quỳnh Anh, Lê Xuân Diễm Ngọc, Dụng Thị Hoài Trang",NXB Đại học Huế,2025,Giáo trình,VẬT LÝ,978-632-627-177-5,9786326271775,true,https://csdlkhoahoc.hueuni.edu.vn/index.php/book/detail/5958,4,Giáo trình Vật lý đại cương 1( Cơ-nhiệt),"Phan Đình Giớ(Chủ biên),Lê Trần Uyên Tú(Chủ biên),Nguyễn Phạm Quỳnh Anh,Lê Xuân Diễm Ngọc,Dụng Thị Hoài Trang",VẬT LÝ,NXB Đại học Huế,978-632-627-177-5,2025,NOT_REVIEWED,,,VALID,true,9786326271775,Vật lý,UNIVERSITY_CANDIDATE,Ưu tiên tiếng Việt; ngôn ngữ ấn bản chưa được xác minh,,,,5958,READY,Đạt kiểm tra định dạng và tiêu chí tuyển chọn; chưa xác minh thực tế mọi ấn bản.
5856,Thống kê ứng dụng với Python,Nguyễn Thế Dũng (Chủ biên),NXB Đại học Huế,2025,Giáo trình,TOÁN HỌC VÀ THỐNG KÊ,978-632-627-173-7,9786326271737,true,https://csdlkhoahoc.hueuni.edu.vn/index.php/book/detail/5856,4,Thống kê ứng dụng với Python,Nguyễn Thế Dũng(Chủ biên),TOÁN HỌC VÀ THỐNG KÊ,NXB Đại học Huế,978-632-627-173-7,2025,NOT_REVIEWED,,,VALID,true,9786326271737,Toán học và thống kê,UNIVERSITY_CANDIDATE,Ưu tiên tiếng Việt; ngôn ngữ ấn bản chưa được xác minh,,,,5856,READY,Đạt kiểm tra định dạng và tiêu chí tuyển chọn; chưa xác minh thực tế mọi ấn bản.
4565,MỘT SỐ VẤN ĐỀ CƠ BẢN VỀ VIỆT NAM HỌC,"Hồ Viết Hoàng (Chủ biên), Trần Mai Phượng, Dương Thị Nhung, Trần Thị Xuân, Đoàn Minh Triết",NXB Đại học Huế,2025,Giáo trình,KHOA HỌC XÃ HỘI KHÁC,978-632-627-195-9,9786326271959,true,https://csdlkhoahoc.hueuni.edu.vn/index.php/book/detail/4565,4,MỘT SỐ VẤN ĐỀ CƠ BẢN VỀ VIỆT NAM HỌC,"Hồ Viết Hoàng(Chủ biên),Trần Mai Phượng,Dương Thị Nhung,Trần Thị Xuân,Đoàn Minh Triết",KHOA HỌC XÃ HỘI KHÁC,NXB Đại học Huế,978-632-627-195-9,2025,NOT_REVIEWED,,,VALID,true,9786326271959,Khoa học xã hội và nhân văn,UNIVERSITY_CANDIDATE,Ưu tiên tiếng Việt; ngôn ngữ ấn bản chưa được xác minh,,,,4565,READY,Đạt kiểm tra định dạng và tiêu chí tuyển chọn; chưa xác minh thực tế mọi ấn bản.
6004,TIẾNG ANH CHUYÊN NGÀNH Y - DƯỢC,"Cái Ngọc Duy Anh, Nguyễn Thị Bích Hảo, Nguyễn Thị Diệu Phương, Nguyễn Phạm Thanh Vân, Nguyễn Thị Vân An, Trần Thị Lệ Ninh",,2025,Giáo trình,Y TẾ,,,false,https://csdlkhoahoc.hueuni.edu.vn/index.php/book/detail/6004,4,TIẾNG ANH CHUYÊN NGÀNH Y - DƯỢC,"Cái Ngọc Duy Anh,Nguyễn Thị Bích Hảo,Nguyễn Thị Diệu Phương,Nguyễn Phạm Thanh Vân,Nguyễn Thị Vân An,Trần Thị Lệ Ninh",Y TẾ,,,2025,CHECKED_UNRESOLVED,https://csdlkhoahoc.hueuni.edu.vn/index.php/book/detail/6004,Đã đọc lại nguồn Đại học Huế và tra mục lục Thư viện Quốc gia; chưa đủ căn cứ bổ sung các trường còn thiếu cho đúng ấn bản.,MISSING,,,Y dược và sức khỏe,UNIVERSITY_CANDIDATE,Ưu tiên tiếng Việt; ngôn ngữ ấn bản chưa được xác minh,ISBN_MISSING;MISSING_PUBLISHER,,,6004,REVIEW,"Cần kiểm tra: ISBN_MISSING, MISSING_PUBLISHER"
5824,Phân bón (T11/2025),"Hoàng Thị Thái Hòa (Chủ biên), Thái Thị Huyền",NXB Đại học Huế,2025,Giáo trình,Nông hoá,978-632-627-136-2,9786326271362,true,https://csdlkhoahoc.hueuni.edu.vn/index.php/book/detail/5824,4,Phân bón (T11/2025),"Hoàng Thị Thái Hòa(Chủ biên),Thái Thị Huyền",Nông hoá,NXB Đại học Huế,978-632-627-136-2,2025,NOT_REVIEWED,,,VALID,true,9786326271362,Nông nghiệp và thú y,UNIVERSITY_CANDIDATE,Ưu tiên tiếng Việt; ngôn ngữ ấn bản chưa được xác minh,,,,5824,READY,Đạt kiểm tra định dạng và tiêu chí tuyển chọn; chưa xác minh thực tế mọi ấn bản.
6078,RÈN LUYỆN KỸ NĂNG PHẢN BIỆN TRONG NGHỊ LUẬN XÃ HỘI (Chuyên đề chuyên sâu cho lớp 10 chuyên Văn - Trường THPT chuyên ĐHKH),Đỗ Thu Thủy (Chủ biên),,2025,Giáo trình,NGÔN NGỮ HỌC VÀ VĂN HỌC,,,false,https://csdlkhoahoc.hueuni.edu.vn/index.php/book/detail/6078,4,RÈN LUYỆN KỸ NĂNG PHẢN BIỆN TRONG NGHỊ LUẬN XÃ HỘI (Chuyên đề chuyên sâu cho lớp 10 chuyên Văn - Trường THPT chuyên ĐHKH),Đỗ Thu Thủy(Chủ biên),NGÔN NGỮ HỌC VÀ VĂN HỌC,,,2025,NOT_REVIEWED,,,MISSING,,,Ngôn ngữ và văn học,EXCLUDE,Ưu tiên tiếng Việt; ngôn ngữ ấn bản chưa được xác minh,ISBN_MISSING;MISSING_PUBLISHER,,,6078,EXCLUDED,"Tài liệu phổ thông/giáo án phổ thông hoặc chương sách, bài trong kỷ yếu; không chọn làm đầu sách đại học độc lập."
5771,Những vấn đề tim mạch thiết yếu,"Huỳnh Văn Minh (Chủ biên), Hoàng Anh Tiến (Chủ biên)",NXB Đại học Huế,2025,Giáo trình,Y học tổng hợp và nội khoa,,,false,https://csdlkhoahoc.hueuni.edu.vn/index.php/book/detail/5771,4,Những vấn đề tim mạch thiết yếu,"Huỳnh Văn Minh(Chủ biên),Hoàng Anh Tiến(Chủ biên)",Y học tổng hợp và nội khoa,NXB Đại học Huế,,2025,CHECKED_UNRESOLVED,https://csdlkhoahoc.hueuni.edu.vn/index.php/book/detail/5771,Đã đọc lại nguồn Đại học Huế và tra mục lục Thư viện Quốc gia; chưa đủ căn cứ bổ sung các trường còn thiếu cho đúng ấn bản.,MISSING,,,Y dược và sức khỏe,UNIVERSITY_CANDIDATE,Ưu tiên tiếng Việt; ngôn ngữ ấn bản chưa được xác minh,ISBN_MISSING,,,5771,REVIEW,Cần kiểm tra: ISBN_MISSING
6077,TÀI LIỆU BỒI DƯỠNG THEO TIÊU CHUẨN CHỨC DANH NGHỀ NGHIỆP VIÊN CHỨC TƯ VẤN HỌC SINH,"Lê Đăng Bảo Châu (Chủ biên), Trương Thị Yến (Chủ biên), Phạm Tiến Sỹ (Chủ biên), Trần Thị Thúy Hằng (Chủ biên), Nguyễn Thiều Tuấn Long (Chủ biên)",,2025,Giáo trình,KHOA HỌC XÃ HỘI,,,false,https://csdlkhoahoc.hueuni.edu.vn/index.php/book/detail/6077,4,TÀI LIỆU  BỒI DƯỠNG THEO TIÊU CHUẨN CHỨC DANH NGHỀ NGHIỆP  VIÊN CHỨC TƯ VẤN HỌC SINH,"Lê Đăng Bảo Châu(Chủ biên),Trương Thị Yến(Chủ biên),Phạm Tiến Sỹ(Chủ biên),Trần Thị Thúy Hằng(Chủ biên),Nguyễn Thiều Tuấn Long(Chủ biên)",KHOA HỌC XÃ HỘI,,,2025,CHECKED_UNRESOLVED,https://csdlkhoahoc.hueuni.edu.vn/index.php/book/detail/6077,Đã đọc lại nguồn Đại học Huế và tra mục lục Thư viện Quốc gia; chưa đủ căn cứ bổ sung các trường còn thiếu cho đúng ấn bản.,MISSING,,,Khoa học xã hội và nhân văn,UNIVERSITY_CANDIDATE,Ưu tiên tiếng Việt; ngôn ngữ ấn bản chưa được xác minh,ISBN_MISSING;MISSING_PUBLISHER,,,6077,REVIEW,"Cần kiểm tra: ISBN_MISSING, MISSING_PUBLISHER"
6022,Giáo trình Thực tập Kiểm nghiệm Dược phẩm,"Trần Hữu Dũng (Chủ biên), Nguyễn Hữu Tiến, Đào Thị Cẩm Minh, Nguyễn Hoài Bảo Châu",NXB Đại học Huế,2025,Giáo trình,DƯỢC HỌC,978-632-627-140-9,9786326271409,true,https://csdlkhoahoc.hueuni.edu.vn/index.php/book/detail/6022,4,Giáo trình Thực tập Kiểm nghiệm Dược phẩm,"Trần Hữu Dũng(Chủ biên),Nguyễn Hữu Tiến,Đào Thị Cẩm Minh, Nguyễn Hoài Bảo Châu",DƯỢC HỌC,NXB Đại học Huế,978-632-627-140-9,2025,NOT_REVIEWED,,,VALID,true,9786326271409,Y dược và sức khỏe,UNIVERSITY_CANDIDATE,Ưu tiên tiếng Việt; ngôn ngữ ấn bản chưa được xác minh,,,,6022,READY,Đạt kiểm tra định dạng và tiêu chí tuyển chọn; chưa xác minh thực tế mọi ấn bản.
5832,Giáo trình Kỹ thuật số,Trương Minh Chính (Chủ biên),NXB Đại học Huế,2025,Giáo trình,Kỹ thuật điện và điện tử,978-632-627-109-6,9786326271096,true,https://csdlkhoahoc.hueuni.edu.vn/index.php/book/detail/5832,4,Giáo trình Kỹ thuật số,Trương Minh Chính(Chủ biên),Kỹ thuật điện và điện tử,NXB Đại học Huế,978-632-627-109-6,2025,NOT_REVIEWED,,,VALID,true,9786326271096,Kỹ thuật và công nghệ,UNIVERSITY_CANDIDATE,Ưu tiên tiếng Việt; ngôn ngữ ấn bản chưa được xác minh,,,,5832,READY,Đạt kiểm tra định dạng và tiêu chí tuyển chọn; chưa xác minh thực tế mọi ấn bản.
5739,Sản xuất cây trồng thích ứng với Biến đổi khí hậu,"Nguyễn Trung Hải (Chủ biên), Trần Thanh Đức",NXB Đại học Huế,2025,Giáo trình,KHOA HỌC NÔNG NGHIỆP,9786326270235,9786326270235,true,https://csdlkhoahoc.hueuni.edu.vn/index.php/book/detail/5739,4,Sản xuất cây trồng thích ứng với Biến đổi khí hậu,"Nguyễn Trung Hải(Chủ biên),Trần Thanh Đức",KHOA HỌC NÔNG NGHIỆP,NXB Đại học Huế,,2025,VERIFIED_UPDATE,https://csdlkhoahoc.hueuni.edu.vn/index.php/book/detail/5739; https://opac.nlv.gov.vn/chi-tiet-tai-lieu/giao-trinh-san-xuat-cay-trong-thich-ung-202611278050813200856,"Bổ sung/đính chính ISBN theo MARC 020 của Thư viện Quốc gia; đã đối chiếu nhan đề, tác giả, nhà xuất bản và năm với bản ghi nguồn.",VALID,,9786326270235,Nông nghiệp và thú y,UNIVERSITY_CANDIDATE,Ưu tiên tiếng Việt; ngôn ngữ ấn bản chưa được xác minh,,,,5739,READY,Đạt kiểm tra định dạng và tiêu chí tuyển chọn; chưa xác minh thực tế mọi ấn bản.
5760,Văn hóa học,Nguyễn Hoàng Tuệ Anh (Chủ biên),NXB Đại học Huế,2025,Giáo trình,NGÔN NGỮ HỌC VÀ VĂN HỌC,978-632-627-020-4,9786326270204,true,https://csdlkhoahoc.hueuni.edu.vn/index.php/book/detail/5760,5,Văn hóa học,Nguyễn Hoàng Tuệ Anh(Chủ biên),NGÔN NGỮ HỌC VÀ VĂN HỌC,NXB Đại học Huế,978-632-627-020-4,2025,NOT_REVIEWED,,,VALID,true,9786326270204,Ngôn ngữ và văn học,UNIVERSITY_CANDIDATE,Ưu tiên tiếng Việt; ngôn ngữ ấn bản chưa được xác minh,,,,5760,READY,Đạt kiểm tra định dạng và tiêu chí tuyển chọn; chưa xác minh thực tế mọi ấn bản.
5756,Địa lý kinh tế,"Trần Thị Minh Châu (Chủ biên), Nguyễn Hữu Ngữ, Nguyễn Thị Hải, Trần Trọng Tấn, Lê Đình Huy",NXB Đại học Huế,2025,Giáo trình,ĐỊA LÝ KINH TẾ VÀ XÃ HỘI,978-632-627-108-9,9786326271089,true,https://csdlkhoahoc.hueuni.edu.vn/index.php/book/detail/5756,5,Địa lý kinh tế,"Trần Thị Minh Châu(Chủ biên),Nguyễn Hữu Ngữ,Nguyễn Thị Hải,Trần Trọng Tấn,Lê Đình Huy",ĐỊA LÝ KINH TẾ VÀ XÃ HỘI,NXB Đại học Huế,978-632-627-108-9,2025,NOT_REVIEWED,,,VALID,true,9786326271089,Địa lý và môi trường,UNIVERSITY_CANDIDATE,Ưu tiên tiếng Việt; ngôn ngữ ấn bản chưa được xác minh,,,,5756,READY,Đạt kiểm tra định dạng và tiêu chí tuyển chọn; chưa xác minh thực tế mọi ấn bản.
5727,Giáo dục STEAM cho trẻ mầm non,"Đặng Lan Phương (Chủ biên), Đặng Út Phượng (Chủ biên), Trần Viết Nhi (Chủ biên), Định Lan Anh, Hoàng Thanh Phương, Đặng Văn Sơn, Vũ Thị Thúy",NXB Đại Học Quốc Gia Hà Nội,2025,Giáo trình,KHOA HỌC GIÁO DỤC,978-604-62,97860462,false,https://csdlkhoahoc.hueuni.edu.vn/index.php/book/detail/5727,5,Giáo dục STEAM cho trẻ mầm non,"Đặng Lan Phương (Chủ biên), Đặng Út Phượng (Chủ biên),Trần Viết Nhi(Chủ biên), Định Lan Anh, Hoàng Thanh Phương, Đặng Văn Sơn, Vũ Thị Thúy",KHOA HỌC GIÁO DỤC,NXB Đại Học Quốc Gia Hà Nội,978-604-62,2025,CHECKED_UNRESOLVED,https://csdlkhoahoc.hueuni.edu.vn/index.php/book/detail/5727,Đã đọc lại nguồn Đại học Huế và tra mục lục Thư viện Quốc gia; chưa đủ căn cứ bổ sung các trường còn thiếu cho đúng ấn bản.,INVALID,false,,Giáo dục học,UNIVERSITY_CANDIDATE,Ưu tiên tiếng Việt; ngôn ngữ ấn bản chưa được xác minh,ISBN_INVALID,,,5727,REVIEW,Cần kiểm tra: ISBN_INVALID
5714,Giáo trình Lí luận dạy học Ngữ văn,Lê Thị Ngọc Anh (Chủ biên),NXB Đại học Huế,2025,Giáo trình,KHOA HỌC GIÁO DỤC,978-632-627-111-9,9786326271119,true,https://csdlkhoahoc.hueuni.edu.vn/index.php/book/detail/5714,5,Giáo trình Lí luận dạy học Ngữ văn,Lê Thị Ngọc Anh(Chủ biên),KHOA HỌC GIÁO DỤC,NXB Đại học Huế,978-632-627-111-9,2025,NOT_REVIEWED,,,VALID,true,9786326271119,Giáo dục học,UNIVERSITY_CANDIDATE,Ưu tiên tiếng Việt; ngôn ngữ ấn bản chưa được xác minh,,,,5714,READY,Đạt kiểm tra định dạng và tiêu chí tuyển chọn; chưa xác minh thực tế mọi ấn bản.
5709,Giáo trình Mô hình hóa Toán học và ứng dụng trong giáo dục Toán,"Nguyễn Thị Tân An (Chủ biên), Tạ Thị Minh Phương",NXB Đại học Huế,2025,Giáo trình,KHOA HỌC GIÁO DỤC,978-604-489-875-9,9786044898759,true,https://csdlkhoahoc.hueuni.edu.vn/index.php/book/detail/5709,5,Giáo trình Mô hình hóa Toán học và ứng dụng trong giáo dục Toán,"Nguyễn Thị Tân An(Chủ biên),Tạ Thị Minh Phương",KHOA HỌC GIÁO DỤC,NXB Đại học Huế,978-604-489-875-9,2025,NOT_REVIEWED,,,VALID,true,9786044898759,Giáo dục học,UNIVERSITY_CANDIDATE,Ưu tiên tiếng Việt; ngôn ngữ ấn bản chưa được xác minh,,,,5709,READY,Đạt kiểm tra định dạng và tiêu chí tuyển chọn; chưa xác minh thực tế mọi ấn bản.
5830,GIÁO TRÌNH CHĂM SÓC SỨC KHOẺ NGƯỜI BỆNH DA LIỄU,"Mai Bá Hoàng Anh (Chủ biên), Nguyễn Thị Trà My, Mai Thị Cẩm Cát, Võ Tường Thảo Vy",NXB Đại học Huế,2025,Giáo trình,"Da liễu, Hoa liễu, Điều dưỡng",978-604-489-963-3,9786044899633,true,https://csdlkhoahoc.hueuni.edu.vn/index.php/book/detail/5830,5,GIÁO TRÌNH CHĂM SÓC SỨC KHOẺ NGƯỜI BỆNH DA LIỄU,"Mai Bá Hoàng Anh(Chủ biên),Nguyễn Thị Trà My,Mai Thị Cẩm Cát, Võ Tường Thảo Vy","Da liễu, Hoa liễu, Điều dưỡng",NXB Đại học Huế,978-604-489-963-3,2025,NOT_REVIEWED,,,VALID,true,9786044899633,Y dược và sức khỏe,UNIVERSITY_CANDIDATE,Ưu tiên tiếng Việt; ngôn ngữ ấn bản chưa được xác minh,,,,5830,READY,Đạt kiểm tra định dạng và tiêu chí tuyển chọn; chưa xác minh thực tế mọi ấn bản.
5836,Giáo trình Module 4 Khoa học cơ bản: Môn Xác suất - Thống kê y học (Dành cho sinh viên ngành Y khoa),"Trần Thúy Hiền (Chủ biên), Trương Thị Khánh Phương, Nguyễn Thị Hồng Nga",NXB Đại học Huế,2025,Giáo trình,Thống kê,978-632-627-021-1,9786326270211,true,https://csdlkhoahoc.hueuni.edu.vn/index.php/book/detail/5836,5,Giáo trình Module 4 Khoa học cơ bản: Môn Xác suất - Thống kê y học (Dành cho sinh viên ngành Y khoa),"Trần Thúy Hiền(Chủ biên),Trương Thị Khánh Phương,Nguyễn Thị Hồng Nga",Thống kê,NXB Đại học Huế,978-632-627-021-1,2025,NOT_REVIEWED,,,VALID,true,9786326270211,Toán học và thống kê,UNIVERSITY_CANDIDATE,Ưu tiên tiếng Việt; ngôn ngữ ấn bản chưa được xác minh,,,,5836,READY,Đạt kiểm tra định dạng và tiêu chí tuyển chọn; chưa xác minh thực tế mọi ấn bản.
5701,Kỹ Năng Phỏng Vấn Xin Việc cho Sinh Viên Tiếng Anh (Job Interview Skills for English Majors),"PHAN THỊ THANH THẢO (Chủ biên), Hoàng Thị Linh Giang, Trần Thị Thảo Phương, Lê Thị Ngọc Lan, Nguyễn Hà Quỳnh Như",NXB Đại học Huế,2025,Giáo trình,Ngôn ngữ học ứng dụng,978-632-627-018-1,9786326270181,true,https://csdlkhoahoc.hueuni.edu.vn/index.php/book/detail/5701,5,Kỹ Năng Phỏng Vấn Xin Việc cho Sinh Viên Tiếng Anh (Job Interview Skills for English Majors),"PHAN THỊ THANH THẢO(Chủ biên),Hoàng Thị Linh Giang,Trần Thị Thảo Phương,Lê Thị Ngọc Lan,Nguyễn Hà Quỳnh Như",Ngôn ngữ học ứng dụng,NXB Đại học Huế,978-632-627-018-1,2025,NOT_REVIEWED,,,VALID,true,9786326270181,Ngôn ngữ và văn học,UNIVERSITY_CANDIDATE,Ưu tiên tiếng Việt; ngôn ngữ ấn bản chưa được xác minh,,,,5701,READY,Đạt kiểm tra định dạng và tiêu chí tuyển chọn; chưa xác minh thực tế mọi ấn bản.
6067,Bài giảng Phân tích và Thiết kế các hệ thống thông tin,"Nguyễn Văn Trung (Chủ biên), Nguyễn Thị Bích Lộc (Chủ biên)",,2025,Giáo trình,KHOA HỌC MÁY TÍNH VÀ THÔNG TIN,,,false,https://csdlkhoahoc.hueuni.edu.vn/index.php/book/detail/6067,5,Bài giảng Phân tích và Thiết kế các hệ thống thông tin,"Nguyễn Văn Trung(Chủ biên),Nguyễn Thị Bích Lộc(Chủ biên)",KHOA HỌC MÁY TÍNH VÀ THÔNG TIN,,,2025,CHECKED_UNRESOLVED,https://csdlkhoahoc.hueuni.edu.vn/index.php/book/detail/6067; https://csdlkhoahoc.hueuni.edu.vn/data/2026/9/Bien_ban_nghiem_thu_bai_giang.pdf,"Tệp đính kèm là biên bản nghiệm thu bài giảng nội bộ, không phải trang bản quyền sách. Chưa xác định có ISBN hoặc nhà xuất bản; không gán trường đại học làm nhà xuất bản khi chưa có chứng cứ.",MISSING,,,Công nghệ thông tin,UNIVERSITY_CANDIDATE,Ưu tiên tiếng Việt; ngôn ngữ ấn bản chưa được xác minh,INTERNAL_TEACHING_MATERIAL;ISBN_MISSING;MISSING_PUBLISHER,,,6067,REVIEW,"Cần kiểm tra: ISBN_MISSING, MISSING_PUBLISHER, INTERNAL_TEACHING_MATERIAL"
5231,LÝ LUẬN VÀ PHƯƠNG PHÁP DẠY HỌC TIẾNG PHÁP NGOẠI NGỮ ( DIDACTIQUE DU FRANÇAIS LANGUE ÉTRANGÈRE),"Trương Hoàng Lê (Chủ biên), Trần Thị Thu Hiền, Hồ Thủy An, Nguyễn Hà Quỳnh Như",NXB Đại học Huế,2025,Giáo trình,KHOA HỌC GIÁO DỤC,9786326720242,9786326720242,true,https://csdlkhoahoc.hueuni.edu.vn/index.php/book/detail/5231,5,LÝ LUẬN VÀ PHƯƠNG PHÁP DẠY HỌC TIẾNG PHÁP NGOẠI NGỮ ( DIDACTIQUE DU FRANÇAIS LANGUE ÉTRANGÈRE),"Trương Hoàng Lê(Chủ biên),Trần Thị Thu Hiền,Hồ Thủy An,Nguyễn Hà Quỳnh Như",KHOA HỌC GIÁO DỤC,NXB Đại học Huế,9786326720242,2025,CHECKED_UNRESOLVED,https://csdlkhoahoc.hueuni.edu.vn/index.php/book/detail/5231,Đã đọc lại nguồn Đại học Huế và tra mục lục Thư viện Quốc gia; chưa đủ căn cứ bổ sung các trường còn thiếu cho đúng ấn bản.,VALID,true,9786326720242,Giáo dục học,UNIVERSITY_CANDIDATE,Ưu tiên tiếng Việt; ngôn ngữ ấn bản chưa được xác minh,EDITION_YEAR_REVIEW,,,5231,REVIEW,Cần kiểm tra: EDITION_YEAR_REVIEW
5686,Đánh Giá Ngôn Ngữ Bậc Tiểu Học (Assessment for Young Language Learners),"Hoàng Thị Linh Giang (Chủ biên), Trần Quang Ngọc Thúy, Trần Thị Thu Sương, Đặng Thị Cẩm Tú",NXB Đại học Huế,2025,Giáo trình,Ngôn ngữ học ứng dụng,978-604-489-936-7,9786044899367,true,https://csdlkhoahoc.hueuni.edu.vn/index.php/book/detail/5686,5,Đánh Giá Ngôn Ngữ Bậc Tiểu Học (Assessment for Young Language Learners),"Hoàng Thị Linh Giang(Chủ biên),Trần Quang Ngọc Thúy,Trần Thị Thu Sương,Đặng Thị Cẩm Tú",Ngôn ngữ học ứng dụng,NXB Đại học Huế,978-604-489-936-7,2025,NOT_REVIEWED,,,VALID,true,9786044899367,Ngôn ngữ và văn học,UNIVERSITY_CANDIDATE,Ưu tiên tiếng Việt; ngôn ngữ ấn bản chưa được xác minh,,,,5686,READY,Đạt kiểm tra định dạng và tiêu chí tuyển chọn; chưa xác minh thực tế mọi ấn bản.
5675,Đánh giá tác động môi trường - 2025,"Nguyễn Thùy Phương (Chủ biên), Trần Thanh Đức (Chủ biên), Nguyễn Trung Hải",NXB Đại học Huế,2025,Giáo trình,Các khoa học môi trường,978-604-489-845-2,9786044898452,true,https://csdlkhoahoc.hueuni.edu.vn/index.php/book/detail/5675,5,Đánh giá tác động môi trường - 2025,"Nguyễn Thùy Phương(Chủ biên),Trần Thanh Đức(Chủ biên),Nguyễn Trung Hải",Các khoa học môi trường,NXB Đại học Huế,978-604-489-845-2,2025,NOT_REVIEWED,,,VALID,true,9786044898452,Địa lý và môi trường,UNIVERSITY_CANDIDATE,Ưu tiên tiếng Việt; ngôn ngữ ấn bản chưa được xác minh,,,,5675,READY,Đạt kiểm tra định dạng và tiêu chí tuyển chọn; chưa xác minh thực tế mọi ấn bản.
5671,TAI BIẾN SƯỜN DỐC TRONG NGHIÊN CỨU MÔI TRƯỜNG VÀ XÂY DỰNG,"Đỗ Quang Thiên (Chủ biên), Nguyễn Thị Thanh Nhàn (Chủ biên), Trần Hữu Tuyên, Trần Thanh Nhàn, Trần Thị Phương An, Trần Thị Ngọc Quỳnh, La Dương Hải, Dương Vĩnh Nhiều",NXB Đại học Huế,2025,Giáo trình,CÁC KHOA HỌC TRÁI ĐẤT VÀ MÔI TRƯỜNG LIÊN QUAN,ISBN: 978-604-489-962-6,9786044899626,true,https://csdlkhoahoc.hueuni.edu.vn/index.php/book/detail/5671,6,TAI BIẾN SƯỜN DỐC TRONG NGHIÊN CỨU MÔI TRƯỜNG VÀ XÂY DỰNG,"Đỗ Quang Thiên(Chủ biên),Nguyễn Thị Thanh Nhàn(Chủ biên),Trần Hữu Tuyên,Trần Thanh Nhàn,Trần Thị Phương An,Trần Thị Ngọc Quỳnh, La Dương Hải, Dương Vĩnh Nhiều",CÁC KHOA HỌC TRÁI ĐẤT VÀ MÔI TRƯỜNG LIÊN QUAN,NXB Đại học Huế,ISBN: 978-604-489-962-6,2025,NOT_REVIEWED,,,VALID,true,9786044899626,Địa lý và môi trường,UNIVERSITY_CANDIDATE,Ưu tiên tiếng Việt; ngôn ngữ ấn bản chưa được xác minh,,,,5671,READY,Đạt kiểm tra định dạng và tiêu chí tuyển chọn; chưa xác minh thực tế mọi ấn bản.
5659,"Hoạt động trải nghiệm, hướng nghiệm 6 (sách bài tập)",Đặng Xuân Điều,NXB Giáo dục tại Hà Nội,2025,Giáo trình,"Khoa học giáo dục học nói chung, bao gồm cả đào tạo, sư phạm học, lý luận giáo dục,..",,,false,https://csdlkhoahoc.hueuni.edu.vn/index.php/book/detail/5659,6,"Hoạt động trải nghiệm, hướng nghiệm 6 (sách bài tập)",Đặng Xuân Điều,"Khoa học giáo dục học nói chung, bao gồm cả đào tạo, sư phạm học, lý luận giáo dục,..",NXB Giáo dục tại Hà Nội,,2025,NOT_REVIEWED,,,MISSING,,,Giáo dục học,EXCLUDE,Ưu tiên tiếng Việt; ngôn ngữ ấn bản chưa được xác minh,ISBN_MISSING,,,5659,EXCLUDED,"Tài liệu phổ thông/giáo án phổ thông hoặc chương sách, bài trong kỷ yếu; không chọn làm đầu sách đại học độc lập."
5658,"Hoạt động trải nghiệm, hướng nghiệm 6 (sách giáo khoa)",Đặng Xuân Điều,Giáo dục Việt Nam,2025,Giáo trình,"Khoa học giáo dục học nói chung, bao gồm cả đào tạo, sư phạm học, lý luận giáo dục,..",,,false,https://csdlkhoahoc.hueuni.edu.vn/index.php/book/detail/5658,6,"Hoạt động trải nghiệm, hướng nghiệm 6 (sách giáo khoa)",Đặng Xuân Điều,"Khoa học giáo dục học nói chung, bao gồm cả đào tạo, sư phạm học, lý luận giáo dục,..",Giáo dục Việt Nam,,2025,NOT_REVIEWED,,,MISSING,,,Giáo dục học,EXCLUDE,Ưu tiên tiếng Việt; ngôn ngữ ấn bản chưa được xác minh,ISBN_MISSING,,,5658,EXCLUDED,"Tài liệu phổ thông/giáo án phổ thông hoặc chương sách, bài trong kỷ yếu; không chọn làm đầu sách đại học độc lập."
5660,"Hoạt động trải nghiệm, hướng nghiệm 6 (sách giáo viên)",Đặng Xuân Điều,NXB Giáo dục tại Hà Nội,2025,Giáo trình,"Khoa học giáo dục học nói chung, bao gồm cả đào tạo, sư phạm học, lý luận giáo dục,..",,,false,https://csdlkhoahoc.hueuni.edu.vn/index.php/book/detail/5660,6,"Hoạt động trải nghiệm, hướng nghiệm 6 (sách giáo viên)",Đặng Xuân Điều,"Khoa học giáo dục học nói chung, bao gồm cả đào tạo, sư phạm học, lý luận giáo dục,..",NXB Giáo dục tại Hà Nội,,2025,NOT_REVIEWED,,,MISSING,,,Giáo dục học,EXCLUDE,Ưu tiên tiếng Việt; ngôn ngữ ấn bản chưa được xác minh,ISBN_MISSING,,,5660,EXCLUDED,"Tài liệu phổ thông/giáo án phổ thông hoặc chương sách, bài trong kỷ yếu; không chọn làm đầu sách đại học độc lập."
5657,Language Testing and Assessment,Lê Phạm Hoài Hương (Chủ biên),NXB Đại học Huế,2025,Giáo trình,KHOA HỌC GIÁO DỤC,978-604-489-816-2,9786044898162,true,https://csdlkhoahoc.hueuni.edu.vn/index.php/book/detail/5657,6,Language Testing and Assessment,Lê Phạm Hoài Hương(Chủ biên),KHOA HỌC GIÁO DỤC,NXB Đại học Huế,978-604-489-816-2,2025,NOT_REVIEWED,,,VALID,true,9786044898162,Giáo dục học,UNIVERSITY_CANDIDATE,Ưu tiên tiếng Việt; ngôn ngữ ấn bản chưa được xác minh,,,,5657,READY,Đạt kiểm tra định dạng và tiêu chí tuyển chọn; chưa xác minh thực tế mọi ấn bản.
5631,Inorganic Chemistry,Đinh Quý Hương (Chủ biên),NXB Đại học Huế,2025,Giáo trình,HOÁ HỌC,9786044890845,9786044890845,true,https://csdlkhoahoc.hueuni.edu.vn/index.php/book/detail/5631,6,Inorganic Chemistry,Đinh Quý Hương(Chủ biên),HOÁ HỌC,NXB Đại học Huế,,2025,VERIFIED_UPDATE,https://csdlkhoahoc.hueuni.edu.vn/index.php/book/detail/5631; https://csdlkhoahoc.hueuni.edu.vn/data/2025/7/2__Quyet_dinh_xuat_ban.pdf; https://opac.nlv.gov.vn/chi-tiet-tai-lieu/textbook-inorganic-chemistry-202610687650813200048,"Quyết định xuất bản đính kèm ngày 23/02/2024 ghi ISBN 978-604-489-084-5; Thư viện Quốc gia ghi bản 2024. Nguồn đang ghi 2025 và còn một ISBN khác của bản 2024, nên chưa tự đổi năm hoặc coi đã xác minh đủ ấn bản.",VALID,,9786044890845,Hóa học,UNIVERSITY_CANDIDATE,Ưu tiên tiếng Việt; ngôn ngữ ấn bản chưa được xác minh,EDITION_YEAR_REVIEW,,,5631,REVIEW,Cần kiểm tra: EDITION_YEAR_REVIEW
5619,Giáo trình Dược liệu thú y,"Phan Vũ Hải (Chủ biên), Nguyễn Văn Chào, Hồ Thị Dung, Lê Minh Đức",NXB Đại học Huế,2025,Giáo trình,THÚ Y,978-604-489-889-6,9786044898896,true,https://csdlkhoahoc.hueuni.edu.vn/index.php/book/detail/5619,6,Giáo trình Dược liệu thú y,"Phan Vũ Hải(Chủ biên),Nguyễn Văn Chào,Hồ Thị Dung,Lê Minh Đức",THÚ Y,NXB Đại học Huế,978-604-489-889-6,2025,NOT_REVIEWED,,,VALID,true,9786044898896,Nông nghiệp và thú y,UNIVERSITY_CANDIDATE,Ưu tiên tiếng Việt; ngôn ngữ ấn bản chưa được xác minh,,,,5619,READY,Đạt kiểm tra định dạng và tiêu chí tuyển chọn; chưa xác minh thực tế mọi ấn bản.
5956,GIÁO TRÌNH ĐẠI HỌC CHĂM SÓC SỨC KHOẺ CỘNG ĐỒNG,"Hồ Duy Bính (Chủ biên), Đào Nguyễn Diệu Trang (Chủ biên), Dương Thị Ngọc Lan (Chủ biên), Nguyễn Trường Sơn, Mai Bá Hải, Nguyễn Thị Phương Thảo, Hồ Thị Thùy Trang, Đặng Thị Thanh Phúc, Hoàng Thị Phương Thảo, Trần Thị Nguyệt, Tôn Nữ Minh Đức, Võ Thị Nhi, Nguyễn Thị Thanh Thanh",NXB Đại học Huế,2025,Giáo trình,Y TẾ,978-604-489-905-3,9786044899053,true,https://csdlkhoahoc.hueuni.edu.vn/index.php/book/detail/5956,6,GIÁO TRÌNH ĐẠI HỌC CHĂM SÓC SỨC KHOẺ CỘNG ĐỒNG,"Hồ Duy Bính(Chủ biên),Đào Nguyễn Diệu Trang(Chủ biên),Dương Thị Ngọc Lan(Chủ biên),Nguyễn Trường Sơn,Mai Bá Hải,Nguyễn Thị Phương Thảo,Hồ Thị Thùy Trang,Đặng Thị Thanh Phúc,Hoàng Thị Phương Thảo,Trần Thị Nguyệt,Tôn Nữ Minh Đức,Võ Thị Nhi,Nguyễn Thị Thanh Thanh",Y TẾ,NXB Đại học Huế,978-604-489-905-3,2025,CHECKED_UNRESOLVED,https://csdlkhoahoc.hueuni.edu.vn/index.php/book/detail/5956,"Danh sách tác giả nguồn vượt 255 ký tự. Giữ nguyên đầy đủ; đây là giới hạn trường nhập, không phải thiếu thông tin để tự cắt tên. Cần quyết định cách lưu tác giả đầy đủ trước khi nhập.",VALID,true,9786044899053,Y dược và sức khỏe,UNIVERSITY_CANDIDATE,Ưu tiên tiếng Việt; ngôn ngữ ấn bản chưa được xác minh,TOO_LONG_AUTHOR,,,5956,REVIEW,Cần kiểm tra: TOO_LONG_AUTHOR
5936,GIÁO TRÌNH ĐẠI HỌC ĐIỀU DƯỠNG CƠ SỞ 1,"Hồ Duy Bính (Chủ biên), Dương Thị Ngọc Lan (Chủ biên), Đào Nguyễn Diệu Trang (Chủ biên), Nguyễn Trường Sơn, Mai Bá Hải",NXB Đại học Huế,2025,Giáo trình,Y HỌC CƠ SỞ,978-604-489-904-6,9786044899046,true,https://csdlkhoahoc.hueuni.edu.vn/index.php/book/detail/5936,6,GIÁO TRÌNH ĐẠI HỌC ĐIỀU DƯỠNG CƠ SỞ 1,"Hồ Duy Bính(Chủ biên),Dương Thị Ngọc Lan(Chủ biên),Đào Nguyễn Diệu Trang(Chủ biên),Nguyễn Trường Sơn,Mai Bá Hải",Y HỌC CƠ SỞ,NXB Đại học Huế,978-604-489-904-6,2025,NOT_REVIEWED,,,VALID,true,9786044899046,Y dược và sức khỏe,UNIVERSITY_CANDIDATE,Ưu tiên tiếng Việt; ngôn ngữ ấn bản chưa được xác minh,,,,5936,READY,Đạt kiểm tra định dạng và tiêu chí tuyển chọn; chưa xác minh thực tế mọi ấn bản.
5588,Những vấn đề cơ bản trong dạy-học tiếng Anh ở Việt Nam/ Issues in Teaching and Learning English in Vietnam,"Nguyễn Thị Bảo Trang (Chủ biên), Bảo Khâm, Phan Quỳnh Như, Hồ Thị Thùy Trang, Lê Thị Phương Chi",NXB Đại học Huế,2025,Giáo trình,Ngôn ngữ học ứng dụng,978-604-489-888-9,9786044898889,true,https://csdlkhoahoc.hueuni.edu.vn/index.php/book/detail/5588,6,Những vấn đề cơ bản trong dạy-học tiếng Anh ở Việt Nam/ Issues in Teaching and Learning English in Vietnam,"Nguyễn Thị Bảo Trang(Chủ biên),Bảo Khâm,Phan Quỳnh Như,Hồ Thị Thùy Trang,Lê Thị Phương Chi",Ngôn ngữ học ứng dụng,NXB Đại học Huế,978-604-489-888-9,2025,NOT_REVIEWED,,,VALID,true,9786044898889,Ngôn ngữ và văn học,UNIVERSITY_CANDIDATE,Ưu tiên tiếng Việt; ngôn ngữ ấn bản chưa được xác minh,,,,5588,READY,Đạt kiểm tra định dạng và tiêu chí tuyển chọn; chưa xác minh thực tế mọi ấn bản.
5765,Đánh giá các chương trình y tế,"PGS.TS. Nguyễn Hoàng Lan (Chủ biên), PGS.TS. Nguyễn Minh Tâm (Chủ biên), PGS.TS. Đoàn Phước Thuộc, TS. Trần Thảo Vi, ThS. Nguyễn Thị Phương Thảo",NXB Đại học Huế,2025,Giáo trình,Khoa học máy tính,978-604-489-767-7,9786044897677,true,https://csdlkhoahoc.hueuni.edu.vn/index.php/book/detail/5765,6,Đánh giá các chương trình y tế,"PGS.TS. Nguyễn Hoàng Lan(Chủ biên),PGS.TS. Nguyễn Minh Tâm(Chủ biên),PGS.TS. Đoàn Phước Thuộc,TS. Trần Thảo Vi,ThS. Nguyễn Thị Phương Thảo",Khoa học máy tính,NXB Đại học Huế,978-604-489-767-7,2025,NOT_REVIEWED,,,VALID,true,9786044897677,Công nghệ thông tin,UNIVERSITY_CANDIDATE,Ưu tiên tiếng Việt; ngôn ngữ ấn bản chưa được xác minh,,,,5765,READY,Đạt kiểm tra định dạng và tiêu chí tuyển chọn; chưa xác minh thực tế mọi ấn bản.
5591,Giáo trình đại học: Lâm sàng Nhi khoa - Tập 1 (Dành cho sinh viên ngành Y khoa),"Bùi Bỉnh Bảo Sơn (Chủ biên), Nguyễn Thị Thanh Bình (Chủ biên), Phan Hùng Việt, Nguyễn Thị Cự, Trần Kim Hảo, Võ Thị Thu Thủy, Nguyễn Phúc Thu Trang, Nguyễn Hữu Châu Đức, Nguyễn Thị Thanh Bình, Nguyễn Duy Nam Anh, Phạm Võ Phương Thảo, Nguyễn Văn Tuy, Trương Thị Na, Lê Thị Mai Anh",NXB Đại học Huế,2025,Giáo trình,Nhi khoa,978-604-489-881-0,9786044898810,true,https://csdlkhoahoc.hueuni.edu.vn/index.php/book/detail/5591,6,Giáo trình đại học Lâm sàng Nhi khoa (Dành cho đối tượng sinh viên ngành Y khoa),"Bùi Bỉnh Bảo Sơn(Chủ biên),Nguyễn Thị Thanh Bình(Chủ biên),Phan Hùng Việt,Nguyễn Thị Cự, Trần Kim Hảo, Võ Thị Thu Thủy,Nguyễn Phúc Thu Trang,Nguyễn Hữu Châu Đức,Nguyễn Thị Thanh Bình, Nguyễn Duy Nam Anh,Phạm Võ Phương Thảo, Nguyễn Văn Tuy, Trương Thị Na, Lê Thị Mai Anh",Nhi khoa,NXB Đại học Huế,978-604-489-881-0,2025,VERIFIED_UPDATE,https://csdlkhoahoc.hueuni.edu.vn/index.php/book/detail/5591; https://opac.nlv.gov.vn/chi-tiet-tai-lieu/giao-trinh-dai-hoc-lam-sang-nhi-khoa-t-202610827930813195843,"ISBN 9786044898810 là Tập 1, 2025 theo MARC 245/260. Bổ sung số tập để tránh hiểu là cả bộ. Giữ danh sách tác giả đầy đủ; vẫn cần xử lý giới hạn 255 ký tự.",VALID,true,9786044898810,Y dược và sức khỏe,UNIVERSITY_CANDIDATE,Ưu tiên tiếng Việt; ngôn ngữ ấn bản chưa được xác minh,TOO_LONG_AUTHOR,,,5591,REVIEW,Cần kiểm tra: TOO_LONG_AUTHOR
5571,SINH LÝ ĐỘNG VẬT THỦY SẢN,"Nguyễn Thị Xuân Hồng (Chủ biên), Nguyễn Đức Quỳnh Anh, Trần Nguyên Ngọc",NXB Đại học Huế,2025,Giáo trình,THUỶ SẢN,978-604-489-420-1,9786044894201,true,https://csdlkhoahoc.hueuni.edu.vn/index.php/book/detail/5571,7,SINH LÝ ĐỘNG VẬT THỦY SẢN,"Nguyễn Thị Xuân Hồng(Chủ biên),Nguyễn Đức Quỳnh Anh,Trần Nguyên Ngọc",THUỶ SẢN,NXB Đại học Huế,978-604-489-420-1,2025,NOT_REVIEWED,,,VALID,true,9786044894201,Nông nghiệp và thú y,UNIVERSITY_CANDIDATE,Ưu tiên tiếng Việt; ngôn ngữ ấn bản chưa được xác minh,,,,5571,READY,Đạt kiểm tra định dạng và tiêu chí tuyển chọn; chưa xác minh thực tế mọi ấn bản.
5848,Giáo trình Module 8 Phát triển ngành nghề (Dành cho Chương trình đào tạo Bác sĩ Răng Hàm Mặt),"Nguyễn Minh Tâm (Chủ biên), Lê Hồ Thị Quỳnh Anh, Hồ Anh Hiến, Nguyễn Thị Thanh Huyền, Võ Đức Toàn, Dương Quang Tuấn",NXB Đại học Huế,2025,Giáo trình,Khoa học về chăm sóc sức khoẻ và dịch vụ y tế,978-604-489-834-6,9786044898346,true,https://csdlkhoahoc.hueuni.edu.vn/index.php/book/detail/5848,7,Giáo trình Module 8 Phát triển ngành nghề (Dành cho Chương trình đào tạo Bác sĩ Răng Hàm Mặt),"Nguyễn Minh Tâm(Chủ biên),Lê Hồ Thị Quỳnh Anh,Hồ Anh Hiến,Nguyễn Thị Thanh Huyền,Võ Đức Toàn,Dương Quang Tuấn",Khoa học về chăm sóc sức khoẻ và dịch vụ y tế,NXB Đại học Huế,978-604-489-834-6,2025,NOT_REVIEWED,,,VALID,true,9786044898346,Y dược và sức khỏe,UNIVERSITY_CANDIDATE,Ưu tiên tiếng Việt; ngôn ngữ ấn bản chưa được xác minh,,,,5848,READY,Đạt kiểm tra định dạng và tiêu chí tuyển chọn; chưa xác minh thực tế mọi ấn bản.
5558,Giáo trình Quản lý và Marketing điểm đến du lịch,Đỗ Thị Thảo (thành viên tham gia) cùng 9 tác giả khác,NXB Đại học Huế,2025,Giáo trình,KINH TẾ VÀ KINH DOANH,978-604-489-162-0,9786044891620,true,https://csdlkhoahoc.hueuni.edu.vn/index.php/book/detail/5558,7,Giáo trình Quản lý và Marketing điểm đến du lịch   Sources and related content,Đỗ Thị Thảo (thành viên tham gia) cùng 9 tác giả khác,KINH TẾ VÀ KINH DOANH,NXB Đại học Huế,978-604-489-162-0,2025,CHECKED_UNRESOLVED,https://csdlkhoahoc.hueuni.edu.vn/index.php/book/detail/5558,Đã đọc lại nguồn Đại học Huế và tra mục lục Thư viện Quốc gia; chưa đủ căn cứ bổ sung các trường còn thiếu cho đúng ấn bản.,VALID,true,9786044891620,Kinh tế và quản trị,UNIVERSITY_CANDIDATE,Ưu tiên tiếng Việt; ngôn ngữ ấn bản chưa được xác minh,ISBN_METADATA_CONFLICT,Bỏ chuỗi rác Sources and related content,,5558;5393;5564,REVIEW,Cần kiểm tra: ISBN_METADATA_CONFLICT
5847,"Giáo trình Module 15 - Thực hành Y khoa Kỹ năng giao tiếp, tham vấn và Tính chuyên nghiệp","Nguyễn Minh Tâm (Chủ biên), Nguyễn Vũ Quốc Huy (Chủ biên), Lê Hồ Thị Quỳnh Anh, Hồ Anh Hiến, Nguyễn Thị Thanh Huyền, Võ Đức Toàn, Dương Quang Tuấn",NXB Đại học Huế,2025,Giáo trình,Y HỌC LÂM SÀNG,978-604-489-765-3,9786044897653,true,https://csdlkhoahoc.hueuni.edu.vn/index.php/book/detail/5847,7,"Giáo trình Module 15 - Thực hành Y khoa Kỹ năng giao tiếp, tham vấn và Tính chuyên nghiệp","Nguyễn Minh Tâm(Chủ biên),Nguyễn Vũ Quốc Huy(Chủ biên),Lê Hồ Thị Quỳnh Anh,Hồ Anh Hiến,Nguyễn Thị Thanh Huyền,Võ Đức Toàn,Dương Quang Tuấn",Y HỌC LÂM SÀNG,NXB Đại học Huế,978-604-489-765-3,2025,NOT_REVIEWED,,,VALID,true,9786044897653,Y dược và sức khỏe,UNIVERSITY_CANDIDATE,Ưu tiên tiếng Việt; ngôn ngữ ấn bản chưa được xác minh,,,,5847,READY,Đạt kiểm tra định dạng và tiêu chí tuyển chọn; chưa xác minh thực tế mọi ấn bản.
5679,Đa dạng và bảo tồn sinh vật biển,"Trần Văn Việt (Chủ biên), Võ Điều, Vũ Ngọc Út",NXB Đại học Cần Thơ,2025,Giáo trình,Đa dạng sinh học,978-632-614-022-4,9786326140224,true,https://csdlkhoahoc.hueuni.edu.vn/index.php/book/detail/5679,7,Đa dạng và bảo tồn sinh vật biển,"Trần Văn Việt (Chủ biên),Võ Điều, Vũ Ngọc Út",Đa dạng sinh học,NXB Đại học Cần Thơ,978-632-614-022-4,2025,NOT_REVIEWED,,,VALID,true,9786326140224,Sinh học,UNIVERSITY_CANDIDATE,Ưu tiên tiếng Việt; ngôn ngữ ấn bản chưa được xác minh,,,,5679,READY,Đạt kiểm tra định dạng và tiêu chí tuyển chọn; chưa xác minh thực tế mọi ấn bản.
5942,Basic Legal English 2,"Đồng Thị Huyền Nga (Chủ biên), Hoàng Thảo Anh, Nguyễn Lưu Lan Phương, Lê Ngọc Phú, Bùi Thị Quỳnh Trang",NXB Đại học Huế,2025,Giáo trình,PHÁP LUẬT,978-604-489-245-0,9786044892450,true,https://csdlkhoahoc.hueuni.edu.vn/index.php/book/detail/5942,7,Basic Legal English 2,"Đồng Thị Huyền Nga(Chủ biên),Hoàng Thảo Anh,Nguyễn Lưu Lan Phương,Lê Ngọc Phú,Bùi Thị Quỳnh Trang",PHÁP LUẬT,NXB Đại học Huế,978-604-489-245-0,2025,NOT_REVIEWED,,,VALID,true,9786044892450,Luật học,UNIVERSITY_CANDIDATE,Ưu tiên tiếng Việt; ngôn ngữ ấn bản chưa được xác minh,,,,5942,READY,Đạt kiểm tra định dạng và tiêu chí tuyển chọn; chưa xác minh thực tế mọi ấn bản.
5667,Giáo trình Thú y cơ bản,"Nguyễn Văn Chào (Chủ biên), Hồ Thị Dung (Chủ biên), Vũ Văn Hải, Nguyễn Thị Quỳnh Anh, Nguyễn Đinh Thùy Khương, Nguyễn Thị Hoa, Trần Thị Na",NXB Đại học Huế,2025,Giáo trình,CHĂN NUÔI,9786044897714,9786044897714,true,https://csdlkhoahoc.hueuni.edu.vn/index.php/book/detail/5667,7,Giáo trình Thú y cơ bản,"Nguyễn Văn Chào(Chủ biên),Hồ Thị Dung(Chủ biên),Vũ Văn Hải,Nguyễn Thị Quỳnh Anh,Nguyễn Đinh Thùy Khương,Nguyễn Thị Hoa,Trần Thị Na",CHĂN NUÔI,NXB Đại học Huế,,2025,VERIFIED_UPDATE,https://csdlkhoahoc.hueuni.edu.vn/index.php/book/detail/5667; https://opac.nlv.gov.vn/chi-tiet-tai-lieu/giao-trinh-thu-y-co-ban-202610818150813195825,"Bổ sung/đính chính ISBN theo MARC 020 của Thư viện Quốc gia; đã đối chiếu nhan đề, tác giả, nhà xuất bản và năm với bản ghi nguồn.",VALID,,9786044897714,Nông nghiệp và thú y,UNIVERSITY_CANDIDATE,Ưu tiên tiếng Việt; ngôn ngữ ấn bản chưa được xác minh,,,,5667,READY,Đạt kiểm tra định dạng và tiêu chí tuyển chọn; chưa xác minh thực tế mọi ấn bản.
5795,Giáo trình Dược học cổ truyền,"Đoàn Văn Minh (Chủ biên), Nguyễn Thị Tân, Phạm Thị Xuân Mai, Đoàn Văn Hân, Nguyễn Thị Anh, Vương Thị Kim Chi, Nguyễn Ngọc Lê, Nguyễn Văn Hưng, Trần Nhật Minh, Nguyễn Thiện Phước, Lê Thị Thu Thảo, Lê Thị Minh Thảo, Nguyễn Quang Tâm",NXB Đại học Huế,2025,Giáo trình,Y học dân tộc; y học cổ truyền,978-604-489-665-6,9786044896656,true,https://csdlkhoahoc.hueuni.edu.vn/index.php/book/detail/5795,7,Giáo trình Dược học cổ truyền,"Đoàn Văn Minh(Chủ biên),Nguyễn Thị Tân,Phạm Thị Xuân Mai, Đoàn Văn Hân,Nguyễn Thị Anh,Vương Thị Kim Chi,Nguyễn Ngọc Lê,Nguyễn Văn Hưng,Trần Nhật Minh,Nguyễn Thiện Phước,Lê Thị Thu Thảo,Lê Thị Minh Thảo,Nguyễn Quang Tâm",Y học dân tộc; y học cổ truyền,NXB Đại học Huế,978-604-489-665-6,2025,NOT_REVIEWED,,,VALID,true,9786044896656,Y dược và sức khỏe,UNIVERSITY_CANDIDATE,Ưu tiên tiếng Việt; ngôn ngữ ấn bản chưa được xác minh,,,,5795,READY,Đạt kiểm tra định dạng và tiêu chí tuyển chọn; chưa xác minh thực tế mọi ấn bản.
5612,Public International Law 1,Hồ Nhân Ái (Chủ biên),NXB Đại học Huế,2025,Giáo trình,Luật học,978-604-489-575-8,9786044895758,true,https://csdlkhoahoc.hueuni.edu.vn/index.php/book/detail/5612,7,Public International Law 1,Hồ Nhân Ái(Chủ biên),Luật học,NXB Đại học Huế,978-604-489-575-8,2025,NOT_REVIEWED,,,VALID,true,9786044895758,Luật học,UNIVERSITY_CANDIDATE,Ưu tiên tiếng Việt; ngôn ngữ ấn bản chưa được xác minh,,,,5612,READY,Đạt kiểm tra định dạng và tiêu chí tuyển chọn; chưa xác minh thực tế mọi ấn bản.
5542,Mạng thế hệ mới,"Đặng Thanh Chương (Chủ biên), Lê Hữu Bình (Chủ biên), Hoa Lý Cương, Mai Cường THọ, NGuyễn Đặng Duy Trinh",NXB Đại học Huế,2025,Giáo trình,Khoa học máy tính,978-604-489-671-7,9786044896717,true,https://csdlkhoahoc.hueuni.edu.vn/index.php/book/detail/5542,7,Mạng thế hệ mới,"Đặng Thanh Chương(Chủ biên),Lê Hữu Bình(Chủ biên), Hoa Lý Cương, Mai Cường THọ, NGuyễn Đặng Duy Trinh",Khoa học máy tính,NXB Đại học Huế,978-604-489-671-7,2025,NOT_REVIEWED,,,VALID,true,9786044896717,Công nghệ thông tin,UNIVERSITY_CANDIDATE,Ưu tiên tiếng Việt; ngôn ngữ ấn bản chưa được xác minh,,,,5542,READY,Đạt kiểm tra định dạng và tiêu chí tuyển chọn; chưa xác minh thực tế mọi ấn bản.
5969,Phát triển năng lực học sinh trong dạy học hoá học,Đặng Thị Thuận An (Chủ biên),NXB Đại học Huế,2025,Giáo trình,"Khoa học giáo dục học nói chung, bao gồm cả đào tạo, sư phạm học, lý luận giáo dục,..",978-604-489-477-5,9786044894775,true,https://csdlkhoahoc.hueuni.edu.vn/index.php/book/detail/5969,7,Phát triển năng lực học sinh trong dạy học hoá học,Đặng Thị Thuận An(Chủ biên),"Khoa học giáo dục học nói chung, bao gồm cả đào tạo, sư phạm học, lý luận giáo dục,..",NXB Đại học Huế,978-604-489-477-5,2025,NOT_REVIEWED,,,VALID,true,9786044894775,Giáo dục học,UNIVERSITY_CANDIDATE,Ưu tiên tiếng Việt; ngôn ngữ ấn bản chưa được xác minh,,,,5969,READY,Đạt kiểm tra định dạng và tiêu chí tuyển chọn; chưa xác minh thực tế mọi ấn bản.
5503,Dịch tễ học nhiễm trùng,"Nguyễn Thị Nga, Nguyễn Thị Hường (Chủ biên), Nguyễn Văn Hòa (Chủ biên)",NXB Đại học Huế,2025,Giáo trình,Dịch tễ học,978-604-974-301-6,9786049743016,true,https://csdlkhoahoc.hueuni.edu.vn/index.php/book/detail/5503,7,Dịch tễ học nhiễm trùng,"Nguyễn Thị Nga,Nguyễn Thị Hường(Chủ biên),Nguyễn Văn Hòa(Chủ biên)",Dịch tễ học,NXB Đại học Huế,978-604-974-301-6,2025,NOT_REVIEWED,,,VALID,true,9786049743016,Y dược và sức khỏe,UNIVERSITY_CANDIDATE,Ưu tiên tiếng Việt; ngôn ngữ ấn bản chưa được xác minh,,,,5503,READY,Đạt kiểm tra định dạng và tiêu chí tuyển chọn; chưa xác minh thực tế mọi ấn bản.
5504,Giáo trình Module 14- Phương pháp nghiên cứu khoa học,"Nguyễn Thị Nga (Chủ biên), Nguyễn Thị Hường, Trần Đại Tri Hãn, Nguyễn Văn Hòa (Chủ biên)",NXB Đại học Huế,2025,Giáo trình,Y HỌC CƠ SỞ,978-604-337-177-2,9786043371772,true,https://csdlkhoahoc.hueuni.edu.vn/index.php/book/detail/5504,8,Giáo trình Module 14- Phương pháp nghiên cứu khoa học,"Nguyễn Thị Nga(Chủ biên),Nguyễn Thị Hường,Trần Đại Tri Hãn,Nguyễn Văn Hòa(Chủ biên)",Y HỌC CƠ SỞ,NXB Đại học Huế,978-604-337-177-2,2025,NOT_REVIEWED,,,VALID,true,9786043371772,Y dược và sức khỏe,UNIVERSITY_CANDIDATE,Ưu tiên tiếng Việt; ngôn ngữ ấn bản chưa được xác minh,,,,5504,READY,Đạt kiểm tra định dạng và tiêu chí tuyển chọn; chưa xác minh thực tế mọi ấn bản.
5500,Giáo trình Module 9 – Hệ tim mạch,Nguyễn Thị Huyền,NXB Đại học Huế,2025,Giáo trình,Hệ tim mạch,978-604-399-196-3,9786043991963,true,https://csdlkhoahoc.hueuni.edu.vn/index.php/book/detail/5500,8,Giáo trình Module 9 – Hệ tim mạch,Nguyễn Thị Huyền,Hệ tim mạch,NXB Đại học Huế,978-604-399-196-3,2025,NOT_REVIEWED,,,VALID,true,9786043991963,Y dược và sức khỏe,UNIVERSITY_CANDIDATE,Ưu tiên tiếng Việt; ngôn ngữ ấn bản chưa được xác minh,,,,5500,READY,Đạt kiểm tra định dạng và tiêu chí tuyển chọn; chưa xác minh thực tế mọi ấn bản.
5630,Tổ chức hoạt động trải nghiệm sáng tạo trong dạy học vật lý,"Nguyễn Hoàng Anh (Chủ biên), Quách Nguyễn Bảo Nguyên (Chủ biên), Phạm Hương Thảo, Trần Thụy Như Phượng, Nguyễn Văn Nghĩa, Đỗng Hùng Dũng, Phạm Thị Mỹ Hạnh",NXB Giáo dục Việt Nam,2025,Giáo trình,KHOA HỌC GIÁO DỤC,978-604-0-45145-3,9786040451453,true,https://csdlkhoahoc.hueuni.edu.vn/index.php/book/detail/5630,8,Tổ chức hoạt động trải nghiệm sáng tạo trong dạy học vật lý,"Nguyễn Hoàng Anh (Chủ biên),Quách Nguyễn Bảo Nguyên(Chủ biên),Phạm Hương Thảo, Trần Thụy Như Phượng, Nguyễn Văn Nghĩa, Đỗng Hùng Dũng, Phạm Thị Mỹ Hạnh",KHOA HỌC GIÁO DỤC,,978-604-0-45145-3,2025,VERIFIED_UPDATE,https://csdlkhoahoc.hueuni.edu.vn/index.php/book/detail/5630; https://opac.nlv.gov.vn/chi-tiet-tai-lieu/giao-trinh-to-chuc-hoat-dong-trai-nghiem-202610726070813195754,"ISBN, nhan đề, tác giả và năm 2025 khớp mục lục Thư viện Quốc gia; bổ sung nhà xuất bản từ MARC 260.",VALID,true,9786040451453,Giáo dục học,UNIVERSITY_CANDIDATE,Ưu tiên tiếng Việt; ngôn ngữ ấn bản chưa được xác minh,,,,5630,READY,Đạt kiểm tra định dạng và tiêu chí tuyển chọn; chưa xác minh thực tế mọi ấn bản.
5485,Developing oral skills for young language learners,"Phan Đỗ Quỳnh Trâm (Chủ biên), Ngô Lê Hoàng Phương (Chủ biên), Nguyễn Thị Thanh Bình, Đoàn Ngọc Ái Phương, Trương Thị Từ Liêm",NXB Đại học Huế,2025,Giáo trình,"KHOA HỌC GIÁO DỤC, Ngôn ngữ học ứng dụng",978-604-489-390-7,9786044893907,true,https://csdlkhoahoc.hueuni.edu.vn/index.php/book/detail/5485,8,Developing oral skills for young language learners,"Phan Đỗ Quỳnh Trâm(Chủ biên),Ngô Lê Hoàng Phương(Chủ biên),Nguyễn Thị Thanh Bình,Đoàn Ngọc Ái Phương,Trương Thị Từ Liêm","KHOA HỌC GIÁO DỤC, Ngôn ngữ học ứng dụng",NXB Đại học Huế,978-604-489-390-7,2025,NOT_REVIEWED,,,VALID,true,9786044893907,Giáo dục học,UNIVERSITY_CANDIDATE,Ưu tiên tiếng Việt; ngôn ngữ ấn bản chưa được xác minh,,,,5485,READY,Đạt kiểm tra định dạng và tiêu chí tuyển chọn; chưa xác minh thực tế mọi ấn bản.
5779,Giáo trình suy tim và cấp cứu tim mạch,"Hoàng Anh Tiến, Đoàn Chí Thắng (Chủ biên)",NXB Đại học Huế,2025,Giáo trình,Y học tổng hợp và nội khoa,,,false,https://csdlkhoahoc.hueuni.edu.vn/index.php/book/detail/5779,8,Giáo trình suy tim và cấp cứu tim mạch,"Hoàng Anh Tiến, Đoàn Chí Thắng(Chủ biên)",Y học tổng hợp và nội khoa,NXB Đại học Huế,,2025,CHECKED_UNRESOLVED,https://csdlkhoahoc.hueuni.edu.vn/index.php/book/detail/5779,Đã đọc lại nguồn Đại học Huế và tra mục lục Thư viện Quốc gia; chưa đủ căn cứ bổ sung các trường còn thiếu cho đúng ấn bản.,MISSING,,,Y dược và sức khỏe,UNIVERSITY_CANDIDATE,Ưu tiên tiếng Việt; ngôn ngữ ấn bản chưa được xác minh,ISBN_MISSING,,,5779,REVIEW,Cần kiểm tra: ISBN_MISSING
5781,Giáo trình thăm dò chức năng tim mạch,Hoàng Anh Tiến (Chủ biên),NXB Đại học Huế,2025,Giáo trình,Y học tổng hợp và nội khoa,9786044896694,9786044896694,true,https://csdlkhoahoc.hueuni.edu.vn/index.php/book/detail/5781,8,Giáo trình thăm dò chức năng tim mạch,Hoàng Anh Tiến(Chủ biên),Y học tổng hợp và nội khoa,NXB Đại học Huế,,2025,VERIFIED_UPDATE,https://csdlkhoahoc.hueuni.edu.vn/index.php/book/detail/5781; https://opac.nlv.gov.vn/chi-tiet-tai-lieu/giao-trinh-tham-do-chuc-nang-tim-mach-202610827320813195540,"Bổ sung/đính chính ISBN theo MARC 020 của Thư viện Quốc gia; đã đối chiếu nhan đề, tác giả, nhà xuất bản và năm với bản ghi nguồn.",VALID,,9786044896694,Y dược và sức khỏe,UNIVERSITY_CANDIDATE,Ưu tiên tiếng Việt; ngôn ngữ ấn bản chưa được xác minh,,,,5781,READY,Đạt kiểm tra định dạng và tiêu chí tuyển chọn; chưa xác minh thực tế mọi ấn bản.
5516,Địa lý đô thị,"Trần Thị Cẩm Tú (Chủ biên), Mai Văn Chân (Chủ biên), Nguyễn Ngọc Đàn (Chủ biên)",NXB Đại học Huế,2024,Giáo trình,Địa hóa học,978-604-489-511-6,9786044895116,true,https://csdlkhoahoc.hueuni.edu.vn/index.php/book/detail/5516,8,Địa lý đô thị,"Trần Thị Cẩm Tú(Chủ biên),Mai Văn Chân(Chủ biên),Nguyễn Ngọc Đàn(Chủ biên)",Địa hóa học,NXB Đại học Huế,978-604-489-511-6,2024,NOT_REVIEWED,,,VALID,true,9786044895116,Địa lý và môi trường,UNIVERSITY_CANDIDATE,Ưu tiên tiếng Việt; ngôn ngữ ấn bản chưa được xác minh,,,,5516,READY,Đạt kiểm tra định dạng và tiêu chí tuyển chọn; chưa xác minh thực tế mọi ấn bản.
5460,Giáo trình các trắc nghiệm tâm lý trong thực hành lâm sàng tâm thần học,"Trần Như Minh Hằng (Chủ biên), Nguyễn Quang Ngọc Linh, Lê Trần Tuấn Anh",NXB Đại học Huế,2024,Giáo trình,"Tâm thần học, Tâm lý học khác",978-604-489-261-0,9786044892610,true,https://csdlkhoahoc.hueuni.edu.vn/index.php/book/detail/5460,8,Giáo trình các trắc nghiệm tâm lý trong thực hành lâm sàng tâm thần học,"Trần Như Minh Hằng(Chủ biên),Nguyễn Quang Ngọc Linh,Lê Trần Tuấn Anh","Tâm thần học, Tâm lý học khác",NXB Đại học Huế,978-604-489-261-0,2024,NOT_REVIEWED,,,VALID,true,9786044892610,Y dược và sức khỏe,UNIVERSITY_CANDIDATE,Ưu tiên tiếng Việt; ngôn ngữ ấn bản chưa được xác minh,,,,5460,READY,Đạt kiểm tra định dạng và tiêu chí tuyển chọn; chưa xác minh thực tế mọi ấn bản.
5459,Giáo trình Module 27: Tâm thần - Thần kinh,"Trần Như Minh Hằng (Chủ biên), Nguyễn Đình Toàn (Chủ biên), Trần Thị Trà My, Nguyễn Quang Ngọc Linh, Võ Thị Hân, Lê Trần Tuấn Anh, Hoàng Khánh, Nguyễn Duy Duẫn, Hồ Dũng",NXB Đại học Huế,2024,Giáo trình,"Tâm thần học, Thần kinh học lâm sàng",9786043994711,9786043994711,true,https://csdlkhoahoc.hueuni.edu.vn/index.php/book/detail/5459,8,Giáo trình Module 27 Tâm Thần - Thàn KInh,"Trần Như Minh Hằng(Chủ biên),Nguyễn Đình Toàn(Chủ biên),Trần Thị Trà My,Nguyễn Quang Ngọc Linh,Võ Thị Hân,Lê Trần Tuấn Anh,Hoàng Khánh,Nguyễn Duy Duẫn,Hồ Dũng","Tâm thần học, Thần kinh học lâm sàng",NXB Đại học Huế,987-604-399-471-1,2024,VERIFIED_UPDATE,https://csdlkhoahoc.hueuni.edu.vn/index.php/book/detail/5459; https://opac.nlv.gov.vn/chi-tiet-tai-lieu/giao-trinh-module-27---tam-than-than-ki-202610352830813194848; https://opac.nlv.gov.vn/chi-tiet-tai-lieu/giao-trinh-module-27---tam-than-than-ki-202610778790813195521,"MARC 020 xác nhận tiền tố 978, cùng nội dung và tác giả. Tuy nhiên ISBN này thuộc bản 2023; bản tái bản 2024 có ISBN 9786044893921. Giữ cờ năm/ấn bản để kiểm tra, không chọn thay ISBN theo năm một cách tự động.",VALID,false,9786043994711,Y dược và sức khỏe,UNIVERSITY_CANDIDATE,Ưu tiên tiếng Việt; ngôn ngữ ấn bản chưa được xác minh,EDITION_YEAR_REVIEW,,,5459,REVIEW,Cần kiểm tra: EDITION_YEAR_REVIEW
5672,"Công nghệ Bảo quản và Chế biến rau, quả","Võ Văn Quốc Bảo, Nguyễn Văn Toản, Trần Bảo Khánh, Nguyễn Thị Diễm Hương, Hoàng Đức An",NXB Đại học Huế,2024,Giáo trình,KỸ THUẬT THỰC PHẨM VÀ ĐỒ UỐNG,978-604-489-508-6,9786044895086,true,https://csdlkhoahoc.hueuni.edu.vn/index.php/book/detail/5672,8,"Công nghệ Bảo quản và Chế biến rau, quả","Võ Văn Quốc Bảo,Nguyễn Văn Toản,Trần Bảo Khánh,Nguyễn Thị Diễm Hương, Hoàng Đức An",KỸ THUẬT THỰC PHẨM VÀ ĐỒ UỐNG,NXB Đại học Huế,978-604-489-508-6,2024,NOT_REVIEWED,,,VALID,true,9786044895086,Kỹ thuật và công nghệ,UNIVERSITY_CANDIDATE,Ưu tiên tiếng Việt; ngôn ngữ ấn bản chưa được xác minh,,,,5672,READY,Đạt kiểm tra định dạng và tiêu chí tuyển chọn; chưa xác minh thực tế mọi ấn bản.
5923,Phương pháp dạy học môn Lịch sử và Địa lí THCS,"Nguyễn Thành Nhân, Nguyễn Đức Vũ, Nguyễn Đức Cương, Nguyễn Thị Hiển, Trần Thị Hải Lê, Cao Thị Hoa",NXB Đại học Huế,2024,Giáo trình,KHOA HỌC GIÁO DỤC,978-604-489-465-2,9786044894652,true,https://csdlkhoahoc.hueuni.edu.vn/index.php/book/detail/5923,8,Phương pháp dạy học môn Lịch sử và Địa lí THCS,"Nguyễn Thành Nhân,Nguyễn Đức Vũ,Nguyễn Đức Cương,Nguyễn Thị Hiển,Trần Thị Hải Lê,Cao Thị Hoa",KHOA HỌC GIÁO DỤC,NXB Đại học Huế,978-604-489-465-2,2024,NOT_REVIEWED,,,VALID,true,9786044894652,Giáo dục học,UNIVERSITY_CANDIDATE,Ưu tiên tiếng Việt; ngôn ngữ ấn bản chưa được xác minh,,,,5923,READY,Đạt kiểm tra định dạng và tiêu chí tuyển chọn; chưa xác minh thực tế mọi ấn bản.
5796,Giáo trình Phát triển năng lực trong dạy học Sinh học,"Nguyễn Thị Diệu Phương (Chủ biên), Đặng Thị Dạ Thủy (Chủ biên), Phạm Thị Phương Anh, Phan Đức Duy, Phùng Thị Bích Hòa, Hoàng Xuân Thảo",NXB Đại học Huế,2024,Giáo trình,SINH HỌC,978-604-489-419-5,9786044894195,true,https://csdlkhoahoc.hueuni.edu.vn/index.php/book/detail/5796,8,Giáo trình Phát triển năng lực trong dạy học Sinh học,"Nguyễn Thị Diệu Phương(Chủ biên),Đặng Thị Dạ Thủy(Chủ biên),Phạm Thị Phương Anh,Phan Đức Duy,Phùng Thị Bích Hòa,Hoàng Xuân Thảo",SINH HỌC,NXB Đại học Huế,978-604-489-419-5,2024,NOT_REVIEWED,,,VALID,true,9786044894195,Sinh học,UNIVERSITY_CANDIDATE,Ưu tiên tiếng Việt; ngôn ngữ ấn bản chưa được xác minh,,,,5796,READY,Đạt kiểm tra định dạng và tiêu chí tuyển chọn; chưa xác minh thực tế mọi ấn bản.
2738,Giáo trình Vật lý nguyên tử và Hạt nhân,"Trương Minh Đức (Chủ biên), Trương Minh Chính, Lê Thị Hồng Thanh, Trần Quang Đạt, Hồ Sỹ Chương",NXB Đại Học Quốc Gia Hà Nội,2024,Giáo trình,VẬT LÝ,978- 604- 43- 3466-0,9786044334660,true,https://csdlkhoahoc.hueuni.edu.vn/index.php/book/detail/2738,9,Giáo trình Vật lý nguyên tử và Hạt nhân,"Trương Minh Đức(Chủ biên), Trương Minh Chính, Lê Thị Hồng Thanh, Trần Quang Đạt, Hồ Sỹ Chương",VẬT LÝ,NXB Đại Học Quốc Gia Hà Nội,978- 604- 43- 3466-0,2024,NOT_REVIEWED,,,VALID,true,9786044334660,Vật lý,UNIVERSITY_CANDIDATE,Ưu tiên tiếng Việt; ngôn ngữ ấn bản chưa được xác minh,,,,2738,READY,Đạt kiểm tra định dạng và tiêu chí tuyển chọn; chưa xác minh thực tế mọi ấn bản.
5692,Quản trị Logistics căn bản,"Phạm Thị Thanh Xuân, Đặng Đình Đào (Chủ biên), Nguyễn Thị Bạch Tuyết (Chủ biên), Đặng Thị Thúy Hồng (Chủ biên), Nguyễn Ngọc Long (Chủ biên), Nguyễn Thái Bình (Chủ biên)",NXB Lao Động,2024,Giáo trình,Kinh doanh và quản lý,9786044922003,9786044922003,true,https://csdlkhoahoc.hueuni.edu.vn/index.php/book/detail/5692,9,Quản trị Logistics căn bản,"Phạm Thị Thanh Xuân,Đặng Đình Đào(Chủ biên), Nguyễn Thị Bạch Tuyết (Chủ biên), Đặng Thị Thúy Hồng (Chủ biên), Nguyễn Ngọc Long (Chủ biên), Nguyễn Thái Bình (Chủ biên)",Kinh doanh và quản lý,NXB Lao Động,9786044922003,2024,CHECKED_UNRESOLVED,https://csdlkhoahoc.hueuni.edu.vn/index.php/book/detail/5692,Đã đọc lại nguồn Đại học Huế và tra mục lục Thư viện Quốc gia; chưa đủ căn cứ bổ sung các trường còn thiếu cho đúng ấn bản.,VALID,true,9786044922003,Kinh tế và quản trị,UNIVERSITY_CANDIDATE,Ưu tiên tiếng Việt; ngôn ngữ ấn bản chưa được xác minh,AUTHOR_METADATA_REVIEW,,,5692;5311,REVIEW,Cần kiểm tra: AUTHOR_METADATA_REVIEW
5449,Researching Trends on Smart Tourism Technology using Bibliometric Analysis (Chapter 15) in Handbook of Industrial and Business Applications with Digital Twins,Nguyễn Thị Bích Ngọc,Taylor and Francis,2024,Giáo trình,KHOA HỌC XÃ HỘI,97810327372,97810327372,false,https://csdlkhoahoc.hueuni.edu.vn/index.php/book/detail/5449,9,Researching Trends on Smart Tourism Technology using Bibliometric Analysis (Chapter 15) in Handbook of Industrial and Business Applications with Digital Twins,Nguyễn Thị Bích Ngọc,KHOA HỌC XÃ HỘI,Taylor and Francis,97810327372,2024,NOT_REVIEWED,,,INVALID,false,,Khoa học xã hội và nhân văn,EXCLUDE,Ưu tiên tiếng Việt; ngôn ngữ ấn bản chưa được xác minh,ISBN_INVALID,,,5449,EXCLUDED,"Tài liệu phổ thông/giáo án phổ thông hoặc chương sách, bài trong kỷ yếu; không chọn làm đầu sách đại học độc lập."
5519,Giáo trình Giáo dục cảm xúc - xã hội cho trẻ mầm non,"Nguyễn Tuấn Vĩnh (Chủ biên), Nguyễn Phước Cát Tường, Nguyễn Ngọc Quỳnh Anh",NXB Đại học Huế,2024,Giáo trình,KHOA HỌC GIÁO DỤC,978-604-489-483-6,9786044894836,true,https://csdlkhoahoc.hueuni.edu.vn/index.php/book/detail/5519,9,Giáo trình Giáo dục cảm xúc - xã hội cho trẻ mầm non,"Nguyễn Tuấn Vĩnh(Chủ biên),Nguyễn Phước Cát Tường,Nguyễn Ngọc Quỳnh Anh",KHOA HỌC GIÁO DỤC,NXB Đại học Huế,978-604-489-483-6,2024,NOT_REVIEWED,,,VALID,true,9786044894836,Giáo dục học,UNIVERSITY_CANDIDATE,Ưu tiên tiếng Việt; ngôn ngữ ấn bản chưa được xác minh,,,,5519,READY,Đạt kiểm tra định dạng và tiêu chí tuyển chọn; chưa xác minh thực tế mọi ấn bản.
5252,"Giáo trình Sinh thái và Môi trường, ISBN 978-604-489-324-2","Văn Thị Yến (Chủ biên), Lê Thị Thu Hường (Chủ biên), Nguyễn Đình Thi (Chủ biên), Trần Thị Hương Sen, Lê Thị Phương Thảo, Thái Thị Huyền, Hoàng Dũng Hà, Trần Thị Ánh Tuyết",NXB Đại học Huế,2024,Giáo trình,KHOA HỌC TỰ NHIÊN,978-604-489-324-2,9786044893242,true,https://csdlkhoahoc.hueuni.edu.vn/index.php/book/detail/5252,9,"Giáo trình Sinh thái và Môi trường, ISBN 978-604-489-324-2","Văn Thị Yến(Chủ biên),Lê Thị Thu Hường(Chủ biên),Nguyễn Đình Thi(Chủ biên),Trần Thị Hương Sen,Lê Thị Phương Thảo,Thái Thị Huyền,Hoàng Dũng Hà,Trần Thị Ánh Tuyết",KHOA HỌC TỰ NHIÊN,NXB Đại học Huế,978-604-489-324-2,2024,NOT_REVIEWED,,,VALID,true,9786044893242,Khoa học tự nhiên,UNIVERSITY_CANDIDATE,Ưu tiên tiếng Việt; ngôn ngữ ấn bản chưa được xác minh,,,,5252,READY,Đạt kiểm tra định dạng và tiêu chí tuyển chọn; chưa xác minh thực tế mọi ấn bản.
5443,Cognitive Development and English Language Education for Young Language Learners,"Phạm THị Hồng Nhung (chủ biên), Trần Thị Thu Sương, Trần Quang Ngọc Thúy, Trần Thị Thảo Phương, Nguyễn NGọc Bảo Châu, Hoàng Thị Khánh Tâm",NXB Đại học Huế,2024,Giáo trình,KHOA HỌC GIÁO DỤC,978-604-399-724-8,9786043997248,true,https://csdlkhoahoc.hueuni.edu.vn/index.php/book/detail/5443,9,Cognitive Development and Eng;lish Language Education for Young Language Learners,"Phạm THị Hồng Nhung (chủ biên), Trần Thị Thu Sương, Trần Quang Ngọc Thúy, Trần Thị Thảo Phương, Nguyễn NGọc Bảo Châu, Hoàng Thị Khánh Tâm",KHOA HỌC GIÁO DỤC,NXB Đại học Huế,978-604-399-724-8,2024,NOT_REVIEWED,,,VALID,true,9786043997248,Giáo dục học,UNIVERSITY_CANDIDATE,Ưu tiên tiếng Việt; ngôn ngữ ấn bản chưa được xác minh,,Sửa lỗi gõ theo bản ghi trùng/ảnh trang tên đã đối chiếu,,5443;5446,READY,Đạt kiểm tra định dạng và tiêu chí tuyển chọn; chưa xác minh thực tế mọi ấn bản.
5540,Giáo dục kỹ năng sống dành cho sinh viên ngành Giáo dục công dân và Giáo dục quốc phòng - an ninh,Nguyễn Thành Minh,NXB Đại học Huế,2024,Giáo trình,"Khoa học giáo dục học nói chung, bao gồm cả đào tạo, sư phạm học, lý luận giáo dục,..",ISBN,,false,https://csdlkhoahoc.hueuni.edu.vn/index.php/book/detail/5540,9,Giáo dục kỹ năng sống dành cho sinh viên ngành Giáo dục công dân và Giáo dục quốc phòng - an ninh,Nguyễn Thành Minh,"Khoa học giáo dục học nói chung, bao gồm cả đào tạo, sư phạm học, lý luận giáo dục,..",NXB Đại học Huế,ISBN,2024,CHECKED_UNRESOLVED,https://csdlkhoahoc.hueuni.edu.vn/index.php/book/detail/5540,Đã đọc lại nguồn Đại học Huế và tra mục lục Thư viện Quốc gia; chưa đủ căn cứ bổ sung các trường còn thiếu cho đúng ấn bản.,MISSING,,,Giáo dục học,UNIVERSITY_CANDIDATE,Ưu tiên tiếng Việt; ngôn ngữ ấn bản chưa được xác minh,ISBN_MISSING,,,5540,REVIEW,Cần kiểm tra: ISBN_MISSING
5436,Miễn dịch học,Phan Thị Hằng Giang,NXB Đại học Huế,2024,Giáo trình,Miễn dịch học,978-604-337-889-4,9786043378894,true,https://csdlkhoahoc.hueuni.edu.vn/index.php/book/detail/5436,9,Miễn dịch học,Phan Thị Hằng Giang,Miễn dịch học,NXB Đại học Huế,978-604-337-889-4,2024,NOT_REVIEWED,,,VALID,true,9786043378894,Y dược và sức khỏe,UNIVERSITY_CANDIDATE,Ưu tiên tiếng Việt; ngôn ngữ ấn bản chưa được xác minh,,,,5436,READY,Đạt kiểm tra định dạng và tiêu chí tuyển chọn; chưa xác minh thực tế mọi ấn bản.
5479,Giáo trình Lịch sử nhà nước và pháp luật,Lý Nam Hải (Chủ biên),NXB Công an nhân dân,2024,Giáo trình,PHÁP LUẬT,978-604-72-7267-9,9786047272679,true,https://csdlkhoahoc.hueuni.edu.vn/index.php/book/detail/5479,9,Giáo trình Lịch sử nhà nước và pháp luật,Lý Nam Hải(Chủ biên),PHÁP LUẬT,NXB Công an nhân dân,978-604-72-7267-9,2024,NOT_REVIEWED,,,VALID,true,9786047272679,Luật học,UNIVERSITY_CANDIDATE,Ưu tiên tiếng Việt; ngôn ngữ ấn bản chưa được xác minh,,,,5479,READY,Đạt kiểm tra định dạng và tiêu chí tuyển chọn; chưa xác minh thực tế mọi ấn bản.
5509,Luật hình sự quốc tế,Nguyễn Thị Bình (Chủ biên),NXB Tư Pháp,2024,Giáo trình,Luật học,978-604-81-3529-4,9786048135294,true,https://csdlkhoahoc.hueuni.edu.vn/index.php/book/detail/5509,9,Luật hình sự quốc tế,Nguyễn Thị Bình(Chủ biên),Luật học,NXB Tư Pháp,978-604-81-3529-4,2024,NOT_REVIEWED,,,VALID,true,9786048135294,Luật học,UNIVERSITY_CANDIDATE,Ưu tiên tiếng Việt; ngôn ngữ ấn bản chưa được xác minh,,,,5509,READY,Đạt kiểm tra định dạng và tiêu chí tuyển chọn; chưa xác minh thực tế mọi ấn bản.
5624,Giáo trình Luật thương mại quốc tế,"Hồ Nhân Ái, Nguyễn Thị Hồng Trinh (Chủ biên), Nguyễn Hữu Khánh Linh, Lê Khắc Đại, Nguyễn Thị Hạnh, Nguyễn Thị Hà, Trần Viết Long (Chủ biên), Bùi Thị Quỳnh Trang, Trần Ngọc Thúy, Trần Thị Diệu Hương",NXB Công an nhân dân,2024,Giáo trình,PHÁP LUẬT,978-604-72-6939-6,9786047269396,true,https://csdlkhoahoc.hueuni.edu.vn/index.php/book/detail/5624,9,Giáo trình Luật thương mại quốc tế,"Hồ Nhân Ái,Nguyễn Thị Hồng Trinh(Chủ biên),Nguyễn Hữu Khánh Linh,Lê Khắc Đại,Nguyễn Thị Hạnh,Nguyễn Thị Hà,Trần Viết Long(Chủ biên),Bùi Thị Quỳnh Trang,Trần Ngọc Thúy,Trần Thị Diệu Hương",PHÁP LUẬT,NXB Công an nhân dân,978-604-72-6939-6,2024,CHECKED_UNRESOLVED,https://csdlkhoahoc.hueuni.edu.vn/index.php/book/detail/5624,Đã đọc lại nguồn Đại học Huế và tra mục lục Thư viện Quốc gia; chưa đủ căn cứ bổ sung các trường còn thiếu cho đúng ấn bản.,VALID,true,9786047269396,Luật học,UNIVERSITY_CANDIDATE,Ưu tiên tiếng Việt; ngôn ngữ ấn bản chưa được xác minh,AUTHOR_METADATA_REVIEW,,,5624;5932,REVIEW,Cần kiểm tra: AUTHOR_METADATA_REVIEW
5638,"Hoàn cảnh lịch sử và nội dung cơ bản Hiệp định Paris về chấm dứt chiến tranh, lập lại hoà bình ở Việt Nam",Nguyễn Tất Thắng (Chủ biên),NXB Lý Luận Chính Trị,2024,"Giáo trình, Sách tham khảo",Lịch sử Việt Nam,978-604-366-456-0,9786043664560,true,https://csdlkhoahoc.hueuni.edu.vn/index.php/book/detail/5638,9,"Hoàn cảnh lịch sử và nội dung cơ bản Hiệp định Paris về chấm dứt chiến tranh, lập lại hoà bình ở Việt Nam",Nguyễn Tất Thắng(Chủ biên),Lịch sử Việt Nam,NXB Lý Luận Chính Trị,978-604-366-456-0,2024,NOT_REVIEWED,,,VALID,true,9786043664560,Lịch sử và văn hóa,EXCLUDE,Ưu tiên tiếng Việt; ngôn ngữ ấn bản chưa được xác minh,,,,5638,EXCLUDED,"Tài liệu phổ thông/giáo án phổ thông hoặc chương sách, bài trong kỷ yếu; không chọn làm đầu sách đại học độc lập."
5408,Cấu trúc dữ liệu và giải thuật,Quách Hải Thọ,NXB Đại học Quốc gia thành phố Hồ Chí Minh,2024,Giáo trình,Khoa học máy tính,978-604-479-657-4,9786044796574,true,https://csdlkhoahoc.hueuni.edu.vn/index.php/book/detail/5408,10,Cấu trúc dữ liệu và giải thuật,Quách Hải Thọ,Khoa học máy tính,NXB Đại học Quốc gia thành phố Hồ Chí Minh,978-604-479-657-4,2024,NOT_REVIEWED,,,VALID,true,9786044796574,Công nghệ thông tin,UNIVERSITY_CANDIDATE,Ưu tiên tiếng Việt; ngôn ngữ ấn bản chưa được xác minh,,,,5408,READY,Đạt kiểm tra định dạng và tiêu chí tuyển chọn; chưa xác minh thực tế mọi ấn bản.
5752,Giáo trình chuyên đề Chuyên Sâu Vật lí 12,Lê Xuân Diễm Ngọc (Chủ biên),,2024,Giáo trình,VẬT LÝ,,,false,https://csdlkhoahoc.hueuni.edu.vn/index.php/book/detail/5752,10,Giáo trình chuyên đề Chuyên Sâu Vật lí 12,Lê Xuân Diễm Ngọc(Chủ biên),VẬT LÝ,,,2024,NOT_REVIEWED,,,MISSING,,,Vật lý,EXCLUDE,Ưu tiên tiếng Việt; ngôn ngữ ấn bản chưa được xác minh,ISBN_MISSING;MISSING_PUBLISHER,,,5752,EXCLUDED,"Tài liệu phổ thông/giáo án phổ thông hoặc chương sách, bài trong kỷ yếu; không chọn làm đầu sách đại học độc lập."
5731,Giáo trình chuyên đề học tập Vật lí 12-KNTT,Lê Xuân Diễm Ngọc (Chủ biên),,2024,Giáo trình,VẬT LÝ,,,false,https://csdlkhoahoc.hueuni.edu.vn/index.php/book/detail/5731,10,Giáo trình chuyên đề học tập Vật lí 12-KNTT,Lê Xuân Diễm Ngọc(Chủ biên),VẬT LÝ,,,2024,NOT_REVIEWED,,,MISSING,,,Vật lý,EXCLUDE,Ưu tiên tiếng Việt; ngôn ngữ ấn bản chưa được xác minh,ISBN_MISSING;MISSING_PUBLISHER,,,5731,EXCLUDED,"Tài liệu phổ thông/giáo án phổ thông hoặc chương sách, bài trong kỷ yếu; không chọn làm đầu sách đại học độc lập."
5730,giáo trình Vật lí 12-KNTT,Lê Xuân Diễm Ngọc (Chủ biên),,2024,Giáo trình,VẬT LÝ,,,false,https://csdlkhoahoc.hueuni.edu.vn/index.php/book/detail/5730,10,giáo trình Vật lí 12-KNTT,Lê Xuân Diễm Ngọc(Chủ biên),VẬT LÝ,,,2024,NOT_REVIEWED,,,MISSING,,,Vật lý,EXCLUDE,Ưu tiên tiếng Việt; ngôn ngữ ấn bản chưa được xác minh,ISBN_MISSING;MISSING_PUBLISHER,,,5730,EXCLUDED,"Tài liệu phổ thông/giáo án phổ thông hoặc chương sách, bài trong kỷ yếu; không chọn làm đầu sách đại học độc lập."
5416,Danh pháp hữu cơ,"Đặng Thị Thanh Nhàn (Chủ biên), Nguyễn Chí Bảo (Chủ biên)",NXB Đại học Huế,2024,Giáo trình,Hoá hữu cơ,978-604-489-396-9,9786044893969,true,https://csdlkhoahoc.hueuni.edu.vn/index.php/book/detail/5416,10,Danh pháp hữu cơ,"Đặng Thị Thanh Nhàn(Chủ biên),Nguyễn Chí Bảo(Chủ biên)",Hoá hữu cơ,NXB Đại học Huế,978-604-489-396-9,2024,NOT_REVIEWED,,,VALID,true,9786044893969,Hóa học,UNIVERSITY_CANDIDATE,Ưu tiên tiếng Việt; ngôn ngữ ấn bản chưa được xác minh,,,,5416,READY,Đạt kiểm tra định dạng và tiêu chí tuyển chọn; chưa xác minh thực tế mọi ấn bản.
5693,Giáo trình Quản trị mạng,"Nguyễn Đình Hoa Cương (Chủ biên), Nguyễn Minh Đức (Chủ biên)",NXB Đại học Huế,2024,Giáo trình,KHOA HỌC MÁY TÍNH VÀ THÔNG TIN,978-604-489-400-3,9786044894003,true,https://csdlkhoahoc.hueuni.edu.vn/index.php/book/detail/5693,10,Giáo trình Quản trị mạng,"Nguyễn Đình Hoa Cương (Chủ biên),Nguyễn Minh Đức(Chủ biên)",KHOA HỌC MÁY TÍNH VÀ THÔNG TIN,NXB Đại học Huế,978-604-489-400-3,2024,NOT_REVIEWED,,,VALID,true,9786044894003,Công nghệ thông tin,UNIVERSITY_CANDIDATE,Ưu tiên tiếng Việt; ngôn ngữ ấn bản chưa được xác minh,,,,5693,READY,Đạt kiểm tra định dạng và tiêu chí tuyển chọn; chưa xác minh thực tế mọi ấn bản.
5527,Giáo trình Nguyên lý cơ bản về máy tính,Nguyễn Thị Hà Phương,NXB Đại học Huế,2024,Giáo trình,Khoa học máy tính,978-604-489-389-1,9786044893891,true,https://csdlkhoahoc.hueuni.edu.vn/index.php/book/detail/5527,10,Giáo trình Nguyên lý cơ bản về máy tính,Nguyễn Thị Hà Phương,Khoa học máy tính,NXB Đại học Huế,978-604-489-389-1,2024,NOT_REVIEWED,,,VALID,true,9786044893891,Công nghệ thông tin,UNIVERSITY_CANDIDATE,Ưu tiên tiếng Việt; ngôn ngữ ấn bản chưa được xác minh,,,,5527,READY,Đạt kiểm tra định dạng và tiêu chí tuyển chọn; chưa xác minh thực tế mọi ấn bản.
5378,Literacy Skills for Young Language Learners,"Phan Quỳnh Như (Chủ biên), Phạm Thị Nguyên Ái, Trần Thị Thanh Thảo, Thái Tôn Phùng Diễm, Cao Thị Xuân Liên",NXB Đại học Huế,2024,Giáo trình,"Khoa học giáo dục học nói chung, bao gồm cả đào tạo, sư phạm học, lý luận giáo dục,..",978-604-489-391-4,9786044893914,true,https://csdlkhoahoc.hueuni.edu.vn/index.php/book/detail/5378,10,Literacy Skills for Young Language Learners,"Phan Quỳnh Như(Chủ biên),Phạm Thị Nguyên Ái,Trần Thị Thanh Thảo,Thái Tôn Phùng Diễm,Cao Thị Xuân Liên","Khoa học giáo dục học nói chung, bao gồm cả đào tạo, sư phạm học, lý luận giáo dục,..",NXB Đại học Huế,978-604-489-391-4,2024,NOT_REVIEWED,,,VALID,true,9786044893914,Giáo dục học,UNIVERSITY_CANDIDATE,Ưu tiên tiếng Việt; ngôn ngữ ấn bản chưa được xác minh,,,,5378,READY,Đạt kiểm tra định dạng và tiêu chí tuyển chọn; chưa xác minh thực tế mọi ấn bản.
5910,Cú pháp học Ngữ pháp tiếng Nhật 2,"Nguyễn Thị Hương Trà (Chủ biên), Đặng Thái Quỳnh Chi, Hồ Đặng Mỹ An, Trần Diễm Hà, TRỊNH TRẦN NGỌC KHÁNH, Nguyễn Vũ Hoàng Lan, TRẦN THỊ KHÁNH LIÊN, Phan Gia Nhật, Hoàng Thị Lan Nhi, Đào Thị Thùy Nhi, Nguyễn Thị Vĩnh Tú, Lê Thị Hồng Vân",NXB Đại học Huế,2024,Giáo trình,Nghiên cứu ngôn ngữ khác,,,false,https://csdlkhoahoc.hueuni.edu.vn/index.php/book/detail/5910,10,Cú pháp học Ngữ pháp tiếng Nhật 2,"Nguyễn Thị Hương Trà(Chủ biên),Đặng Thái Quỳnh Chi,Hồ Đặng Mỹ An,Trần Diễm Hà,TRỊNH TRẦN NGỌC KHÁNH,Nguyễn Vũ Hoàng Lan,TRẦN THỊ KHÁNH LIÊN,Phan Gia Nhật,Hoàng Thị Lan Nhi,Đào Thị Thùy Nhi,Nguyễn Thị Vĩnh Tú,Lê Thị Hồng Vân",Nghiên cứu ngôn ngữ khác,NXB Đại học Huế,,2024,CHECKED_UNRESOLVED,https://csdlkhoahoc.hueuni.edu.vn/index.php/book/detail/5910,Đã đọc lại nguồn Đại học Huế và tra mục lục Thư viện Quốc gia; chưa đủ căn cứ bổ sung các trường còn thiếu cho đúng ấn bản.,MISSING,,,Ngôn ngữ và văn học,UNIVERSITY_CANDIDATE,Ưu tiên tiếng Việt; ngôn ngữ ấn bản chưa được xác minh,ISBN_MISSING,,,5910,REVIEW,Cần kiểm tra: ISBN_MISSING
5329,Hóa học Công nghệ và Môi trường,Võ Văn Tân (Chủ biên),NXB Đại học Huế,2024,Giáo trình,HOÁ HỌC,9786043995398,9786043995398,true,https://csdlkhoahoc.hueuni.edu.vn/index.php/book/detail/5329,10,Hóa học Công nghệ và Môi trường,Võ Văn Tân(Chủ biên),HOÁ HỌC,NXB Đại học Huế,,2024,VERIFIED_UPDATE,https://csdlkhoahoc.hueuni.edu.vn/index.php/book/detail/5329; https://opac.nlv.gov.vn/chi-tiet-tai-lieu/giao-trinh-hoa-hoc-cong-nghe-va-moi-truo-202610650460813195325,"Bổ sung/đính chính ISBN theo MARC 020 của Thư viện Quốc gia; đã đối chiếu nhan đề, tác giả, nhà xuất bản và năm với bản ghi nguồn.",VALID,,9786043995398,Hóa học,UNIVERSITY_CANDIDATE,Ưu tiên tiếng Việt; ngôn ngữ ấn bản chưa được xác minh,,,,5329,READY,Đạt kiểm tra định dạng và tiêu chí tuyển chọn; chưa xác minh thực tế mọi ấn bản.
5323,LƯỢC KHẢO CHỮ HÁN VÀ VĂN BẢN HÁN VĂN,Nguyễn Lãm Thắng (Chủ biên),,2024,Giáo trình,NGÔN NGỮ HỌC VÀ VĂN HỌC,,,false,https://csdlkhoahoc.hueuni.edu.vn/index.php/book/detail/5323,10,LƯỢC KHẢO CHỮ HÁN VÀ VĂN BẢN HÁN VĂN,Nguyễn Lãm Thắng(Chủ biên),NGÔN NGỮ HỌC VÀ VĂN HỌC,,,2024,CHECKED_UNRESOLVED,https://csdlkhoahoc.hueuni.edu.vn/index.php/book/detail/5323,Đã đọc lại nguồn Đại học Huế và tra mục lục Thư viện Quốc gia; chưa đủ căn cứ bổ sung các trường còn thiếu cho đúng ấn bản.,MISSING,,,Ngôn ngữ và văn học,UNIVERSITY_CANDIDATE,Ưu tiên tiếng Việt; ngôn ngữ ấn bản chưa được xác minh,ISBN_MISSING;MISSING_PUBLISHER,,,5323,REVIEW,"Cần kiểm tra: ISBN_MISSING, MISSING_PUBLISHER"
5357,Phương ngữ học,Nguyễn Lãm Thắng (Chủ biên),,2024,Giáo trình,KHOA HỌC NHÂN VĂN,,,false,https://csdlkhoahoc.hueuni.edu.vn/index.php/book/detail/5357,10,Phương ngữ học,Nguyễn Lãm Thắng(Chủ biên),KHOA HỌC NHÂN VĂN,,,2024,CHECKED_UNRESOLVED,https://csdlkhoahoc.hueuni.edu.vn/index.php/book/detail/5357,Đã đọc lại nguồn Đại học Huế và tra mục lục Thư viện Quốc gia; chưa đủ căn cứ bổ sung các trường còn thiếu cho đúng ấn bản.,MISSING,,,Khoa học xã hội và nhân văn,UNIVERSITY_CANDIDATE,Ưu tiên tiếng Việt; ngôn ngữ ấn bản chưa được xác minh,ISBN_MISSING;MISSING_PUBLISHER,,,5357,REVIEW,"Cần kiểm tra: ISBN_MISSING, MISSING_PUBLISHER"
5311,Quản trị Logistics căn bản,"Trần Thái Hòa, Trần Văn Bão, Nguyễn Thái Bình, Đặng Đình Đào (Chủ biên)",NXB Lao Động,2024,Giáo trình,KINH TẾ VÀ KINH DOANH,9786044922003,9786044922003,true,https://csdlkhoahoc.hueuni.edu.vn/index.php/book/detail/5311,11,Quản trị Logistics căn bản,"Trần Thái Hòa, Trần Văn Bão, Nguyễn Thái Bình,Đặng Đình Đào(Chủ biên)",KINH TẾ VÀ KINH DOANH,NXB Lao Động,9786044922003,2024,NOT_REVIEWED,,,VALID,true,9786044922003,Kinh tế và quản trị,UNIVERSITY_CANDIDATE,Ưu tiên tiếng Việt; ngôn ngữ ấn bản chưa được xác minh,,,5692,5692;5311,DUPLICATE,"Trùng ISBN hợp lệ, nhan đề chuẩn hóa, năm và nhà xuất bản; giữ nguồn liên quan để truy vết, kiểm tra khác biệt tác giả ở dòng đại diện."
5302,KỸ THUẬT SẢN XUẤT GIỐNG VÀ NUÔI CÁ BIỂN,"Hoàng Nghĩa Mạnh (Chủ biên), Nguyễn Văn Huy (Chủ biên), Phạm Thị Phương Lan",NXB Đại học Huế,2024,Giáo trình,THUỶ SẢN,978-604-489-310-5,9786044893105,true,https://csdlkhoahoc.hueuni.edu.vn/index.php/book/detail/5302,11,KỸ THUẬT SẢN XUẤT GIỐNG VÀ NUÔI CÁ BIỂN,"Hoàng Nghĩa Mạnh(Chủ biên),Nguyễn Văn Huy(Chủ biên),Phạm Thị Phương Lan",THUỶ SẢN,NXB Đại học Huế,978-604-489-310-5,2024,NOT_REVIEWED,,,VALID,true,9786044893105,Nông nghiệp và thú y,UNIVERSITY_CANDIDATE,Ưu tiên tiếng Việt; ngôn ngữ ấn bản chưa được xác minh,,,,5302,READY,Đạt kiểm tra định dạng và tiêu chí tuyển chọn; chưa xác minh thực tế mọi ấn bản.
5263,Phương pháp tiếp cận khoa học,"Nguyễn Viết Tuân (Chủ biên), Tôn Thất Chất (Chủ biên), Nguyễn Tiến Long (Ckcn)(Chủ biên), Nguyễn Ngọc Truyền (Chủ biên)",NXB Đại học Huế,2024,Giáo trình,KHOA HỌC NÔNG NGHIỆP KHÁC,978-604-489-327-3,9786044893273,true,https://csdlkhoahoc.hueuni.edu.vn/index.php/book/detail/5263,11,Phương pháp tiếp cận khoa học,"Nguyễn Viết Tuân(Chủ biên),Tôn Thất Chất(Chủ biên),Nguyễn Tiến Long (Ckcn)(Chủ biên),Nguyễn Ngọc Truyền(Chủ biên)",KHOA HỌC NÔNG NGHIỆP KHÁC,NXB Đại học Huế,978-604-489-327-3,2024,NOT_REVIEWED,,,VALID,true,9786044893273,Nông nghiệp và thú y,UNIVERSITY_CANDIDATE,Ưu tiên tiếng Việt; ngôn ngữ ấn bản chưa được xác minh,,,,5263,READY,Đạt kiểm tra định dạng và tiêu chí tuyển chọn; chưa xác minh thực tế mọi ấn bản.
5932,Giáo trình Luật Thương Mại Quốc Tế,Phan Đình Nguyện,NXB Công an nhân dân,2024,Giáo trình,PHÁP LUẬT,978-604-72-6939-6,9786047269396,true,https://csdlkhoahoc.hueuni.edu.vn/index.php/book/detail/5932,11,Giáo trình Luật Thương Mại Quốc Tế,Phan Đình Nguyện,PHÁP LUẬT,NXB Công an nhân dân,978-604-72-6939-6,2024,NOT_REVIEWED,,,VALID,true,9786047269396,Luật học,UNIVERSITY_CANDIDATE,Ưu tiên tiếng Việt; ngôn ngữ ấn bản chưa được xác minh,,,5624,5624;5932,DUPLICATE,"Trùng ISBN hợp lệ, nhan đề chuẩn hóa, năm và nhà xuất bản; giữ nguồn liên quan để truy vết, kiểm tra khác biệt tác giả ở dòng đại diện."
5435,GIÁO TRÌNH VẬT LÝ-LÝ SINH (dành cho sinh viên ngành Kỹ thuật hình ảnh y học),"Nguyễn Minh Hoa (Chủ biên), Võ Thị Tuyết Vi, Đỗ Quang Tâm, Ngô Thị Thuận",NXB Đại học Huế,2024,Giáo trình,VẬT LÝ,9786044894522,9786044894522,true,https://csdlkhoahoc.hueuni.edu.vn/index.php/book/detail/5435,11,GIÁO TRÌNH  VẬT LÝ-LÝ SINH (dành cho sinh viên ngành Kỹ thuật hình ảnh y học),"Nguyễn Minh Hoa(Chủ biên),Võ Thị Tuyết Vi,Đỗ Quang Tâm,Ngô Thị Thuận",VẬT LÝ,NXB Đại học Huế,,2024,VERIFIED_UPDATE,https://csdlkhoahoc.hueuni.edu.vn/index.php/book/detail/5435; https://opac.nlv.gov.vn/chi-tiet-tai-lieu/giao-trinh-vat-ly---ly-sinh-202610778850813195522,"Bổ sung/đính chính ISBN theo MARC 020 của Thư viện Quốc gia; đã đối chiếu nhan đề, tác giả, nhà xuất bản và năm với bản ghi nguồn.",VALID,,9786044894522,Vật lý,UNIVERSITY_CANDIDATE,Ưu tiên tiếng Việt; ngôn ngữ ấn bản chưa được xác minh,,,,5435,READY,Đạt kiểm tra định dạng và tiêu chí tuyển chọn; chưa xác minh thực tế mọi ấn bản.
5258,Công nghệ sinh học ứng dụng trong chăn nuôi thú y,"Lê Nữ Anh Thư (Chủ biên), Nguyễn Thanh Thủy, Hồ Thị Dung, Lê Đình Phùng",NXB Đại học Huế,2024,Giáo trình,CHĂN NUÔI,978-604-489-254-2,9786044892542,true,https://csdlkhoahoc.hueuni.edu.vn/index.php/book/detail/5258,11,Công nghệ sinh học ứng dụng trong chăn nuôi  thú y,"Lê Nữ Anh Thư(Chủ biên),Nguyễn Thanh Thủy,Hồ Thị Dung,Lê Đình Phùng",CHĂN NUÔI,NXB Đại học Huế,978-604-489-254-2,2024,NOT_REVIEWED,,,VALID,true,9786044892542,Nông nghiệp và thú y,UNIVERSITY_CANDIDATE,Ưu tiên tiếng Việt; ngôn ngữ ấn bản chưa được xác minh,,,,5258,READY,Đạt kiểm tra định dạng và tiêu chí tuyển chọn; chưa xác minh thực tế mọi ấn bản.
5320,Lý thuyết mạch,"Nguyễn Văn Ân (Chủ biên), Hồ Đức Tâm Linh (Chủ biên)",NXB Đại học Huế,2024,Giáo trình,"KỸ THUẬT ĐIỆN, KỸ THUẬT ĐIỆN TỬ, KỸ THUẬT THÔNG TIN",978-604-489-325-9,9786044893259,true,https://csdlkhoahoc.hueuni.edu.vn/index.php/book/detail/5320,11,Lý thuyết mạch,"Nguyễn Văn Ân(Chủ biên),Hồ Đức Tâm Linh(Chủ biên)","KỸ THUẬT ĐIỆN, KỸ THUẬT ĐIỆN TỬ, KỸ THUẬT THÔNG TIN",NXB Đại học Huế,978-604-489-325-9,2024,NOT_REVIEWED,,,VALID,true,9786044893259,Kỹ thuật và công nghệ,UNIVERSITY_CANDIDATE,Ưu tiên tiếng Việt; ngôn ngữ ấn bản chưa được xác minh,,,,5320,READY,Đạt kiểm tra định dạng và tiêu chí tuyển chọn; chưa xác minh thực tế mọi ấn bản.
5265,Giáo trình Quang Phi Tuyến,Nguyễn Phạm Quỳnh Anh (Chủ biên),NXB Đại Học Quốc Gia Hà Nội,2024,Giáo trình,KHOA HỌC TỰ NHIÊN,978-604-43-2009-0,9786044320090,true,https://csdlkhoahoc.hueuni.edu.vn/index.php/book/detail/5265,11,Giáo trình Quang Phi Tuyến,Nguyễn Phạm Quỳnh Anh(Chủ biên),KHOA HỌC TỰ NHIÊN,NXB Đại Học Quốc Gia Hà Nội,978-604-43-2009-0,2024,NOT_REVIEWED,,,VALID,true,9786044320090,Khoa học tự nhiên,UNIVERSITY_CANDIDATE,Ưu tiên tiếng Việt; ngôn ngữ ấn bản chưa được xác minh,,,,5265,READY,Đạt kiểm tra định dạng và tiêu chí tuyển chọn; chưa xác minh thực tế mọi ấn bản.
5393,Quản lý và Marketing điểm đến du lịch,Bùi Thị Tám (Chủ biên),NXB Đại học Huế,2024,Giáo trình,KINH TẾ VÀ KINH DOANH,978-604-489-162-0,9786044891620,true,https://csdlkhoahoc.hueuni.edu.vn/index.php/book/detail/5393,11,Quản lý và Marketing điểm đến du lịch,Bùi Thị Tám(Chủ biên),KINH TẾ VÀ KINH DOANH,NXB Đại học Huế,978-604-489-162-0,2024,CHECKED_UNRESOLVED,https://csdlkhoahoc.hueuni.edu.vn/index.php/book/detail/5393,Đã đọc lại nguồn Đại học Huế và tra mục lục Thư viện Quốc gia; chưa đủ căn cứ bổ sung các trường còn thiếu cho đúng ấn bản.,VALID,true,9786044891620,Kinh tế và quản trị,UNIVERSITY_CANDIDATE,Ưu tiên tiếng Việt; ngôn ngữ ấn bản chưa được xác minh,ISBN_METADATA_CONFLICT,,,5558;5393;5564,REVIEW,Cần kiểm tra: ISBN_METADATA_CONFLICT
5458,Giáo trình Module 4 Khoa học cơ bản môn Hóa học (dành cho sinh viên ngành Răng Hàm Mặt),"Lê Thị Kim Dung (Chủ biên), Đặng Thị Ngọc Hoa (Chủ biên), Trần Thị Hòa, Võ Châu Ngọc Anh, Nguyễn Quang Mẫn, Nguyễn Vĩnh Phú",NXB Đại học Huế,2024,Giáo trình,HOÁ HỌC,978-604-489-234-4,9786044892344,true,https://csdlkhoahoc.hueuni.edu.vn/index.php/book/detail/5458,11,Giáo trình Module 4 Khoa học cơ bản môn Hóa học (dành cho sinh viên ngành Răng Hàm Mặt),"Lê Thị Kim Dung(Chủ biên),Đặng Thị Ngọc Hoa(Chủ biên),Trần Thị Hòa,Võ Châu Ngọc Anh,Nguyễn Quang Mẫn,Nguyễn Vĩnh Phú",HOÁ HỌC,NXB Đại học Huế,978-604-489-234-4,2024,NOT_REVIEWED,,,VALID,true,9786044892344,Hóa học,UNIVERSITY_CANDIDATE,Ưu tiên tiếng Việt; ngôn ngữ ấn bản chưa được xác minh,,,,5458,READY,Đạt kiểm tra định dạng và tiêu chí tuyển chọn; chưa xác minh thực tế mọi ấn bản.
5501,Giáo trình Module 4 Khoa học cơ bản: Môn Xác suất - Thống kê y học (Dành cho sinh viên ngành Răng Hàm Mặt),"Trần Thúy Hiền (Chủ biên), Trương Thị Khánh Phương (Chủ biên), Nguyễn Thị Hồng Nga",NXB Đại học Huế,2024,Giáo trình,Thống kê,978-604-489-240-5,9786044892405,true,https://csdlkhoahoc.hueuni.edu.vn/index.php/book/detail/5501,11,Giáo trình Module 4 Khoa học cơ bản: Môn Xác suất - Thống kê y học (Dành cho sinh viên ngành Răng Hàm Mặt),"Trần Thúy Hiền(Chủ biên),Trương Thị Khánh Phương(Chủ biên),Nguyễn Thị Hồng Nga",Thống kê,NXB Đại học Huế,978-604-489-240-5,2024,NOT_REVIEWED,,,VALID,true,9786044892405,Toán học và thống kê,UNIVERSITY_CANDIDATE,Ưu tiên tiếng Việt; ngôn ngữ ấn bản chưa được xác minh,,,,5501,READY,Đạt kiểm tra định dạng và tiêu chí tuyển chọn; chưa xác minh thực tế mọi ấn bản.
5233,Giáo trình đất nước học,Lê Thị Thanh Nhàn,NXB Đại học Huế,2024,Giáo trình,Nghiên cứu ngôn ngữ khác,,,false,https://csdlkhoahoc.hueuni.edu.vn/index.php/book/detail/5233,11,Giáo trình đất nước học,Lê Thị Thanh Nhàn,Nghiên cứu ngôn ngữ khác,NXB Đại học Huế,,2024,CHECKED_UNRESOLVED,https://csdlkhoahoc.hueuni.edu.vn/index.php/book/detail/5233,Đã đọc lại nguồn Đại học Huế và tra mục lục Thư viện Quốc gia; chưa đủ căn cứ bổ sung các trường còn thiếu cho đúng ấn bản.,MISSING,,,Ngôn ngữ và văn học,UNIVERSITY_CANDIDATE,Ưu tiên tiếng Việt; ngôn ngữ ấn bản chưa được xác minh,ISBN_MISSING,,,5233,REVIEW,Cần kiểm tra: ISBN_MISSING
5314,Học liệu điện tử - Hóa học phân tích,"Trần Thị Ái Mỹ (Chủ biên), Nguyễn Đăng Giáng Châu (Chủ biên)",,2024,Giáo trình,Hóa phân tích,,,false,https://csdlkhoahoc.hueuni.edu.vn/index.php/book/detail/5314,12,Học liệu điện tử - Hóa học phân tích,"Trần Thị Ái Mỹ(Chủ biên),Nguyễn Đăng Giáng Châu(Chủ biên)",Hóa phân tích,,,2024,CHECKED_UNRESOLVED,https://csdlkhoahoc.hueuni.edu.vn/index.php/book/detail/5314,Đã đọc lại nguồn Đại học Huế và tra mục lục Thư viện Quốc gia; chưa đủ căn cứ bổ sung các trường còn thiếu cho đúng ấn bản.,MISSING,,,Hóa học,UNIVERSITY_CANDIDATE,Ưu tiên tiếng Việt; ngôn ngữ ấn bản chưa được xác minh,ISBN_MISSING;MISSING_PUBLISHER,,,5314,REVIEW,"Cần kiểm tra: ISBN_MISSING, MISSING_PUBLISHER"
5468,Giáo trình Sinh học,"Nguyễn Thanh Tùng (Chủ biên), Trương Thị Phương Lan (Chủ biên), Bùi Lê Thanh Nhàn, Nguyễn Thị Anh Thư, Nguyễn Ngọc Huy",NXB Đại học Huế,2024,Giáo trình,SINH HỌC,978-604-489-301-3,9786044893013,true,https://csdlkhoahoc.hueuni.edu.vn/index.php/book/detail/5468,12,Giáo trình Sinh học,"Nguyễn Thanh Tùng(Chủ biên),Trương Thị Phương Lan(Chủ biên),Bùi Lê Thanh Nhàn,Nguyễn Thị Anh Thư,Nguyễn Ngọc Huy",SINH HỌC,NXB Đại học Huế,978-604-489-301-3,2024,NOT_REVIEWED,,,VALID,true,9786044893013,Sinh học,UNIVERSITY_CANDIDATE,Ưu tiên tiếng Việt; ngôn ngữ ấn bản chưa được xác minh,,,,5468,READY,Đạt kiểm tra định dạng và tiêu chí tuyển chọn; chưa xác minh thực tế mọi ấn bản.
5051,法律汉语,Đoàn Thị Minh Hoa,NXB Đại học Huế,2024,Giáo trình,KHOA HỌC GIÁO DỤC,,,false,https://csdlkhoahoc.hueuni.edu.vn/index.php/book/detail/5051,12,法律汉语,Đoàn Thị Minh Hoa,KHOA HỌC GIÁO DỤC,NXB Đại học Huế,,2024,CHECKED_UNRESOLVED,https://csdlkhoahoc.hueuni.edu.vn/index.php/book/detail/5051,Đã đọc lại nguồn Đại học Huế và tra mục lục Thư viện Quốc gia; chưa đủ căn cứ bổ sung các trường còn thiếu cho đúng ấn bản.,MISSING,,,Giáo dục học,UNIVERSITY_CANDIDATE,Ưu tiên tiếng Việt; ngôn ngữ ấn bản chưa được xác minh,ISBN_MISSING;POSSIBLE_DUPLICATE_TITLE,,,5051,REVIEW,"Cần kiểm tra: ISBN_MISSING, POSSIBLE_DUPLICATE_TITLE"
5227,Giáo trình ngôn ngữ văn bản pháp luật tiếng Trung Quốc- 法律汉语,Nguyễn Thị Huyền Trang,NXB Đại học Huế,2024,Giáo trình,Ngôn ngữ học ứng dụng,,,false,https://csdlkhoahoc.hueuni.edu.vn/index.php/book/detail/5227,12,Giáo trình ngôn ngữ văn bản pháp luật tiếng Trung Quốc- 法律汉语,Nguyễn Thị Huyền Trang,Ngôn ngữ học ứng dụng,NXB Đại học Huế,,2024,CHECKED_UNRESOLVED,https://csdlkhoahoc.hueuni.edu.vn/index.php/book/detail/5227,Đã đọc lại nguồn Đại học Huế và tra mục lục Thư viện Quốc gia; chưa đủ căn cứ bổ sung các trường còn thiếu cho đúng ấn bản.,MISSING,,,Ngôn ngữ và văn học,UNIVERSITY_CANDIDATE,Ưu tiên tiếng Việt; ngôn ngữ ấn bản chưa được xác minh,ISBN_MISSING;POSSIBLE_DUPLICATE_TITLE,,,5227,REVIEW,"Cần kiểm tra: ISBN_MISSING, POSSIBLE_DUPLICATE_TITLE"
5315,Giáo trình Nhiệt học,Nguyễn Thị Thủy (Chủ biên),NXB Đại Học Quốc Gia Hà Nội,2024,Giáo trình,VẬT LÝ,9786044307312,9786044307312,true,https://csdlkhoahoc.hueuni.edu.vn/index.php/book/detail/5315,12,Giáo trình Nhiệt học,Nguyễn Thị Thủy(Chủ biên),VẬT LÝ,NXB Đại Học Quốc Gia Hà Nội,978- 604-43 -0732 - 2,2024,VERIFIED_UPDATE,https://csdlkhoahoc.hueuni.edu.vn/index.php/book/detail/5315; https://opac.nlv.gov.vn/chi-tiet-tai-lieu/giao-trinh-nhiet-hoc-202610290610813194619,"Bổ sung/đính chính ISBN theo MARC 020 của Thư viện Quốc gia; đã đối chiếu nhan đề, tác giả, nhà xuất bản và năm với bản ghi nguồn.",VALID,false,9786044307312,Vật lý,UNIVERSITY_CANDIDATE,Ưu tiên tiếng Việt; ngôn ngữ ấn bản chưa được xác minh,,,,5315,READY,Đạt kiểm tra định dạng và tiêu chí tuyển chọn; chưa xác minh thực tế mọi ấn bản.
6000,Giáo trình Ngôn ngữ văn bản Pháp luật tiếng Trung Quốc（法律汉语）,Trần Thị Giang Hiền,NXB Đại học Huế,2024,Giáo trình,NGÔN NGỮ HỌC VÀ VĂN HỌC,978-604-489-173-6,9786044891736,true,https://csdlkhoahoc.hueuni.edu.vn/index.php/book/detail/6000,12,Giáo trình Ngôn ngữ văn bản Pháp luật tiếng Trung Quốc（法律汉语）,Trần Thị Giang Hiền,NGÔN NGỮ HỌC VÀ VĂN HỌC,NXB Đại học Huế,978-604-489-173-6,2024,CHECKED_UNRESOLVED,https://csdlkhoahoc.hueuni.edu.vn/index.php/book/detail/6000,Đã đọc lại nguồn Đại học Huế và tra mục lục Thư viện Quốc gia; chưa đủ căn cứ bổ sung các trường còn thiếu cho đúng ấn bản.,VALID,true,9786044891736,Ngôn ngữ và văn học,UNIVERSITY_CANDIDATE,Ưu tiên tiếng Việt; ngôn ngữ ấn bản chưa được xác minh,POSSIBLE_DUPLICATE_TITLE,,,6000,REVIEW,Cần kiểm tra: POSSIBLE_DUPLICATE_TITLE
5216,法律汉语,Nguyễn Thị Khánh Vân,NXB Đại học Huế,2024,Giáo trình,KHOA HỌC GIÁO DỤC,,,false,https://csdlkhoahoc.hueuni.edu.vn/index.php/book/detail/5216,12,法律汉语,Nguyễn Thị Khánh Vân,KHOA HỌC GIÁO DỤC,NXB Đại học Huế,,2024,CHECKED_UNRESOLVED,https://csdlkhoahoc.hueuni.edu.vn/index.php/book/detail/5216,Đã đọc lại nguồn Đại học Huế và tra mục lục Thư viện Quốc gia; chưa đủ căn cứ bổ sung các trường còn thiếu cho đúng ấn bản.,MISSING,,,Giáo dục học,UNIVERSITY_CANDIDATE,Ưu tiên tiếng Việt; ngôn ngữ ấn bản chưa được xác minh,ISBN_MISSING;POSSIBLE_DUPLICATE_TITLE,,,5216,REVIEW,"Cần kiểm tra: ISBN_MISSING, POSSIBLE_DUPLICATE_TITLE"
5474,Giáo trình Hóa học phân tích - Phần I: Cơ sở lý thuyết,Hoàng Thái Long (Chủ biên),NXB Đại học Huế,2024,Giáo trình,Hóa phân tích,978-604-489-148-4,9786044891484,true,https://csdlkhoahoc.hueuni.edu.vn/index.php/book/detail/5474,12,Giáo trình Hóa học phân tích - Phần I: Cơ sở lý thuyết,Hoàng Thái Long(Chủ biên),Hóa phân tích,NXB Đại học Huế,978-604-489-148-4,2024,NOT_REVIEWED,,,VALID,true,9786044891484,Hóa học,UNIVERSITY_CANDIDATE,Ưu tiên tiếng Việt; ngôn ngữ ấn bản chưa được xác minh,,,,5474,READY,Đạt kiểm tra định dạng và tiêu chí tuyển chọn; chưa xác minh thực tế mọi ấn bản.
4417,Giáo dục học 2,"Phan Minh Tiến (Chủ biên), Trần Văn Hiếu, Nguyễn Thanh Hùng, Phạm Thị Thúy Hằng, Nguyễn Thị Quỳnh Anh, Nguyễn Thị Hà, Mai Thị Thanh Thủy, Nguyễn Thanh Bình, Lê Văn Thăng",NXB ĐH Huế,2024,Giáo trình,"Khoa học giáo dục học nói chung, bao gồm cả đào tạo, sư phạm học, lý luận giáo dục,..",9786044894478,9786044894478,true,https://csdlkhoahoc.hueuni.edu.vn/index.php/book/detail/4417,12,Giáo dục học 2,"Phan Minh Tiến(Chủ biên),Trần Văn Hiếu,Nguyễn Thanh Hùng,Phạm Thị Thúy Hằng,Nguyễn Thị Quỳnh Anh,Nguyễn Thị Hà,Mai Thị Thanh Thủy,Nguyễn Thanh Bình,Lê Văn Thăng","Khoa học giáo dục học nói chung, bao gồm cả đào tạo, sư phạm học, lý luận giáo dục,..",NXB ĐH Huế,,2024,VERIFIED_UPDATE,https://csdlkhoahoc.hueuni.edu.vn/index.php/book/detail/4417; https://opac.nlv.gov.vn/chi-tiet-tai-lieu/giao-trinh-giao-duc-hoc-2-202610621500813195219,"Bổ sung/đính chính ISBN theo MARC 020 của Thư viện Quốc gia; đã đối chiếu nhan đề, tác giả, nhà xuất bản và năm với bản ghi nguồn.",VALID,,9786044894478,Giáo dục học,UNIVERSITY_CANDIDATE,Ưu tiên tiếng Việt; ngôn ngữ ấn bản chưa được xác minh,,,,4417,READY,Đạt kiểm tra định dạng và tiêu chí tuyển chọn; chưa xác minh thực tế mọi ấn bản.
5192,Kiểm toán căn bản,"Hồ Thị Thúy Nga (Chủ biên), Phạm Thị Bích Ngọc, Lê Thị Hoài Anh, Trần Phan Khánh Trang, Trần Thị Trà My",NXB Đại học Huế,2024,Giáo trình,KINH TẾ VÀ KINH DOANH,,,false,https://csdlkhoahoc.hueuni.edu.vn/index.php/book/detail/5192,12,Kiểm toán căn bản,"Hồ Thị Thúy Nga(Chủ biên),Phạm Thị Bích Ngọc,Lê Thị Hoài Anh,Trần Phan Khánh Trang,Trần Thị Trà My",KINH TẾ VÀ KINH DOANH,NXB Đại học Huế,,2024,CHECKED_UNRESOLVED,https://csdlkhoahoc.hueuni.edu.vn/index.php/book/detail/5192,Đã đọc lại nguồn Đại học Huế và tra mục lục Thư viện Quốc gia; chưa đủ căn cứ bổ sung các trường còn thiếu cho đúng ấn bản.,MISSING,,,Kinh tế và quản trị,UNIVERSITY_CANDIDATE,Ưu tiên tiếng Việt; ngôn ngữ ấn bản chưa được xác minh,ISBN_MISSING,,,5192,REVIEW,Cần kiểm tra: ISBN_MISSING
5191,Hệ thống định vị toàn cầu,"Nguyễn Ngọc Thanh (Chủ biên), Nguyễn Văn Bình, Nguyễn Bích Ngọc, Nguyễn Đình Tiến",NXB Đại học Huế,2024,Giáo trình,Trắc địa học và bản đồ học,978-604-489-027-2,9786044890272,true,https://csdlkhoahoc.hueuni.edu.vn/index.php/book/detail/5191,12,Hệ thống định vị toàn cầu,"Nguyễn Ngọc Thanh(Chủ biên),Nguyễn Văn Bình,Nguyễn Bích Ngọc,Nguyễn Đình Tiến",Trắc địa học và bản đồ học,NXB Đại học Huế,978-604-489-027-2,2024,NOT_REVIEWED,,,VALID,true,9786044890272,Địa lý và môi trường,UNIVERSITY_CANDIDATE,Ưu tiên tiếng Việt; ngôn ngữ ấn bản chưa được xác minh,,,,5191,READY,Đạt kiểm tra định dạng và tiêu chí tuyển chọn; chưa xác minh thực tế mọi ấn bản.
5333,Bài giảng Mẫu thiết kế,Nguyễn Văn Trung (Chủ biên),,2024,Giáo trình,KHOA HỌC MÁY TÍNH VÀ THÔNG TIN,,,false,https://csdlkhoahoc.hueuni.edu.vn/index.php/book/detail/5333,12,Bài giảng Mẫu thiết kế,Nguyễn Văn Trung(Chủ biên),KHOA HỌC MÁY TÍNH VÀ THÔNG TIN,,,2024,CHECKED_UNRESOLVED,https://csdlkhoahoc.hueuni.edu.vn/index.php/book/detail/5333; https://csdlkhoahoc.hueuni.edu.vn/data/2024/7/CamScanner_07-31-2024_15_08.pdf,"Tệp đính kèm là biên bản nghiệm thu bài giảng nội bộ, không phải trang bản quyền sách. Chưa xác định có ISBN hoặc nhà xuất bản; không gán trường đại học làm nhà xuất bản khi chưa có chứng cứ.",MISSING,,,Công nghệ thông tin,UNIVERSITY_CANDIDATE,Ưu tiên tiếng Việt; ngôn ngữ ấn bản chưa được xác minh,INTERNAL_TEACHING_MATERIAL;ISBN_MISSING;MISSING_PUBLISHER,,,5333,REVIEW,"Cần kiểm tra: ISBN_MISSING, MISSING_PUBLISHER, INTERNAL_TEACHING_MATERIAL"
5564,Giáo trình Quản lý và Marketing điểm đến du lịch,"Bùi Thị Tám (Chủ biên), Trần Thị Ngọc Liên, Nguyễn Thị Như Hoa, Đỗ Thị Thảo, Lê Văn Hoài, Bùi Thiên Nga, Nguyễn Hoàng Tuệ Quang, Lê Minh Tuấn",NXB Đại học Huế,2024,Giáo trình,KHOA HỌC XÃ HỘI,978-604-489-162-0,9786044891620,true,https://csdlkhoahoc.hueuni.edu.vn/index.php/book/detail/5564,13,Giáo trình Quản lý và Marketing điểm đến du lịch,"Bùi Thị Tám(Chủ biên),Trần Thị Ngọc Liên,Nguyễn Thị Như Hoa,Đỗ Thị Thảo,Lê Văn Hoài,Bùi Thiên Nga,Nguyễn Hoàng Tuệ Quang,Lê Minh Tuấn",KHOA HỌC XÃ HỘI,NXB Đại học Huế,978-604-489-162-0,2024,CHECKED_UNRESOLVED,https://csdlkhoahoc.hueuni.edu.vn/index.php/book/detail/5564,Đã đọc lại nguồn Đại học Huế và tra mục lục Thư viện Quốc gia; chưa đủ căn cứ bổ sung các trường còn thiếu cho đúng ấn bản.,VALID,true,9786044891620,Khoa học xã hội và nhân văn,UNIVERSITY_CANDIDATE,Ưu tiên tiếng Việt; ngôn ngữ ấn bản chưa được xác minh,ISBN_METADATA_CONFLICT,,,5558;5393;5564,REVIEW,Cần kiểm tra: ISBN_METADATA_CONFLICT
4824,Khoáng vật và phương pháp xác định khoáng vật,"Nguyễn Thị Lệ Huyền, Hoàng Hoa Thám, Nguyễn Thị Thủy (Chủ biên)",NXB Đại học Huế,2024,Giáo trình,CÁC KHOA HỌC TRÁI ĐẤT VÀ MÔI TRƯỜNG LIÊN QUAN,,,false,https://csdlkhoahoc.hueuni.edu.vn/index.php/book/detail/4824,13,Khoáng vật và phương pháp xác định khoáng vật,"Nguyễn Thị Lệ Huyền,Hoàng Hoa Thám,Nguyễn Thị Thủy(Chủ biên)",CÁC KHOA HỌC TRÁI ĐẤT VÀ MÔI TRƯỜNG LIÊN QUAN,NXB Đại học Huế,,2024,CHECKED_UNRESOLVED,https://csdlkhoahoc.hueuni.edu.vn/index.php/book/detail/4824; https://opac.nlv.gov.vn/chi-tiet-tai-lieu/giao-trinh-khoang-vat--phuong-phap-xac-202610625000813195349,Đúng nhan đề và tác giả nhưng mục lục ghi năm 2023; nguồn ghi 2024.,MISSING,,,Địa lý và môi trường,UNIVERSITY_CANDIDATE,Ưu tiên tiếng Việt; ngôn ngữ ấn bản chưa được xác minh,EDITION_YEAR_REVIEW;ISBN_MISSING,,,4824,REVIEW,"Cần kiểm tra: ISBN_MISSING, EDITION_YEAR_REVIEW"
5457,Giáo trình Dược động học,"Trương Viết Thành (Chủ biên), Võ Thị Hồng Phượng (Chủ biên), Phan Đặng Thục Anh, Ngô Thị Kim Cúc",NXB Đại học Huế,2024,Giáo trình,DƯỢC HỌC,978-604-489-161-3,9786044891613,true,https://csdlkhoahoc.hueuni.edu.vn/index.php/book/detail/5457,13,Giáo trình Dược động học,"Trương Viết Thành(Chủ biên),Võ Thị Hồng Phượng(Chủ biên),Phan Đặng Thục Anh,Ngô Thị Kim Cúc",DƯỢC HỌC,NXB Đại học Huế,978-604-489-161-3,2024,NOT_REVIEWED,,,VALID,true,9786044891613,Y dược và sức khỏe,UNIVERSITY_CANDIDATE,Ưu tiên tiếng Việt; ngôn ngữ ấn bản chưa được xác minh,,,,5457,READY,Đạt kiểm tra định dạng và tiêu chí tuyển chọn; chưa xác minh thực tế mọi ấn bản.
5681,Practical Activities to Develop Language for Young Learners,"Nguyễn Thị Phương Lan, Phạm Thị Hồng Nhung (Chủ biên), Lê Thị Thanh Hải, Nguyễn Vũ Quỳnh Như, Hồ Thị Như",NXB Đại học Huế,2024,Giáo trình,KHOA HỌC GIÁO DỤC,978-604-489-140-8,9786044891408,true,https://csdlkhoahoc.hueuni.edu.vn/index.php/book/detail/5681,13,Practical Activities to Develop Language for Young Learners,"Nguyễn Thị Phương Lan,Phạm Thị Hồng Nhung(Chủ biên),Lê Thị Thanh Hải,Nguyễn Vũ Quỳnh Như,Hồ Thị Như",KHOA HỌC GIÁO DỤC,NXB Đại học Huế,978-604-489-140-8,2024,NOT_REVIEWED,,,VALID,true,9786044891408,Giáo dục học,UNIVERSITY_CANDIDATE,Ưu tiên tiếng Việt; ngôn ngữ ấn bản chưa được xác minh,,,,5681,READY,Đạt kiểm tra định dạng và tiêu chí tuyển chọn; chưa xác minh thực tế mọi ấn bản.
5446,Cognitive development and English language education for young language learners,"Phạm Thị Hồng Nhung (Chủ biên), Trần Thị Thu Sương, Trần Quang Ngọc Thúy, Trần Thị Thảo Phương, Nguyễn Ngọc Bảo Châu, Hoàng Thị Khánh Tâm",NXB Đại học Huế,2024,Giáo trình,"Khoa học giáo dục học nói chung, bao gồm cả đào tạo, sư phạm học, lý luận giáo dục,..",978-604-399-724-8,9786043997248,true,https://csdlkhoahoc.hueuni.edu.vn/index.php/book/detail/5446,13,Cognitive development and English language education for young language learners,"Phạm Thị Hồng Nhung(Chủ biên),Trần Thị Thu Sương,Trần Quang Ngọc Thúy,Trần Thị Thảo Phương,Nguyễn Ngọc Bảo Châu,Hoàng Thị Khánh Tâm","Khoa học giáo dục học nói chung, bao gồm cả đào tạo, sư phạm học, lý luận giáo dục,..",NXB Đại học Huế,978-604-399-724-8,2024,NOT_REVIEWED,,,VALID,true,9786043997248,Giáo dục học,UNIVERSITY_CANDIDATE,Ưu tiên tiếng Việt; ngôn ngữ ấn bản chưa được xác minh,,,5443,5443;5446,DUPLICATE,"Trùng ISBN hợp lệ, nhan đề chuẩn hóa, năm và nhà xuất bản; giữ nguồn liên quan để truy vết, kiểm tra khác biệt tác giả ở dòng đại diện."
5223,Công nghệ Chế biến thuỷ sản,"Lê Thanh Long (Chủ biên), Nguyễn Thị Thủy Tiên, Lê Văn Điệp",Đại học Huế,2024,Giáo trình,KỸ THUẬT THỰC PHẨM VÀ ĐỒ UỐNG,978-604-489-215-3,9786044892153,true,https://csdlkhoahoc.hueuni.edu.vn/index.php/book/detail/5223,13,Công nghệ Chế biến thuỷ sản,"Lê Thanh Long(Chủ biên),Nguyễn Thị Thủy Tiên, Lê Văn Điệp",KỸ THUẬT THỰC PHẨM VÀ ĐỒ UỐNG,Đại học Huế,978-604-489-215-3,2024,NOT_REVIEWED,,,VALID,true,9786044892153,Kỹ thuật và công nghệ,UNIVERSITY_CANDIDATE,Ưu tiên tiếng Việt; ngôn ngữ ấn bản chưa được xác minh,,,,5223,READY,Đạt kiểm tra định dạng và tiêu chí tuyển chọn; chưa xác minh thực tế mọi ấn bản.
5461,GIÁO TRÌNH MODULE 13 HỆ THẦN KINH VÀ NỘI TIẾT,"Nguyễn Đình Toàn (Chủ biên), Nguyễn Sanh Tùng (Chủ biên), Nguyễn Thị Châu Anh, Nguyễn Thành Phúc, Hoàng Khánh Hằng, Nguyễn Đình Duyệt, Nguyễn Thị Hiếu Dung, Nguyễn Hải Qúy Trâm, Nguyễn Văn Mão, Trần Đình Bình, Phan Thị Minh Phương, Lê Bá Hứa, Phan Ngọc Đan Thanh, Lê Chuyển, Nguyễn Thành Tín, Đỗ Thị Hồng Diệp",NXB Đại học Huế,2024,Giáo trình,"Thần kinh học, Nội tiết và chuyển hoá",978-604-912-610-9,9786049126109,true,https://csdlkhoahoc.hueuni.edu.vn/index.php/book/detail/5461,13,GIÁO TRÌNH MODULE 13 HỆ THẦN KINH VÀ NỘI TIẾT,"Nguyễn Đình Toàn(Chủ biên),Nguyễn Sanh Tùng(Chủ biên),Nguyễn Thị Châu Anh,Nguyễn Thành Phúc,Hoàng Khánh Hằng,Nguyễn Đình Duyệt,Nguyễn Thị Hiếu Dung,Nguyễn Hải Qúy Trâm,Nguyễn Văn Mão,Trần Đình Bình,Phan Thị Minh Phương,Lê Bá Hứa,Phan Ngọc Đan Thanh,Lê Chuyển,Nguyễn Thành Tín, Đỗ Thị Hồng Diệp","Thần kinh học, Nội tiết và chuyển hoá",NXB Đại học Huế,978-604-912-610-9,2024,CHECKED_UNRESOLVED,https://csdlkhoahoc.hueuni.edu.vn/index.php/book/detail/5461,"Danh sách tác giả nguồn vượt 255 ký tự. Giữ nguyên đầy đủ; đây là giới hạn trường nhập, không phải thiếu thông tin để tự cắt tên. Cần quyết định cách lưu tác giả đầy đủ trước khi nhập.",VALID,true,9786049126109,Y dược và sức khỏe,UNIVERSITY_CANDIDATE,Ưu tiên tiếng Việt; ngôn ngữ ấn bản chưa được xác minh,TOO_LONG_AUTHOR,,,5461,REVIEW,Cần kiểm tra: TOO_LONG_AUTHOR
5494,Giáo trình Luật Hôn nhân và gia đình Việt Nam,"Hoàng Thị Hải Yến (Chủ biên), Đoàn Đức Lương (Chủ biên)",NXB Công an nhân dân,2024,Giáo trình,PHÁP LUẬT,978- 604-72-6772-9,9786047267729,true,https://csdlkhoahoc.hueuni.edu.vn/index.php/book/detail/5494,13,Giáo trình Luật Hôn nhân và gia đình Việt Nam,"Hoàng Thị Hải Yến(Chủ biên),Đoàn Đức Lương(Chủ biên)",PHÁP LUẬT,NXB Công an nhân dân,978- 604-72-6772-9,2024,NOT_REVIEWED,,,VALID,true,9786047267729,Luật học,UNIVERSITY_CANDIDATE,Ưu tiên tiếng Việt; ngôn ngữ ấn bản chưa được xác minh,,,5903,5494;5903;5305,DUPLICATE,"Trùng ISBN hợp lệ, nhan đề chuẩn hóa, năm và nhà xuất bản; giữ nguồn liên quan để truy vết, kiểm tra khác biệt tác giả ở dòng đại diện."
5903,Giáo trình Luật Hôn nhân và gia đình Việt Nam,"Hoàng Thị Hải Yến (Chủ biên), Đoàn Đức Lương (Chủ biên), Nguyễn Thị Lê Huyền, Hà Thị Mai Hiên, Vũ Thị Hương, Hồ Minh Thành, Hoàng Thảo Anh",NXB Công an nhân dân,2024,Giáo trình,Luật học,978-604-72-6772-9,9786047267729,true,https://csdlkhoahoc.hueuni.edu.vn/index.php/book/detail/5903,13,Giáo trình Luật Hôn nhân và gia đình Việt Nam,"Hoàng Thị Hải Yến(Chủ biên),Đoàn Đức Lương(Chủ biên),Nguyễn Thị Lê Huyền,Hà Thị Mai Hiên,Vũ Thị Hương,Hồ Minh Thành,Hoàng Thảo Anh",Luật học,NXB Công an nhân dân,978-604-72-6772-9,2024,CHECKED_UNRESOLVED,https://csdlkhoahoc.hueuni.edu.vn/index.php/book/detail/5903; https://csdlkhoahoc.hueuni.edu.vn/data/2024/7/GT_LUẬT_HNGD.pdf,"Trang 2 tệp sách xác nhận Hoàng Thị Hải Yến và Đoàn Đức Lương đồng chủ biên, cùng danh sách thành viên biên soạn. Khác biệt danh sách tác giả giữa các hồ sơ không phải sách khác; giữ danh sách nguồn đầy đủ và liên kết bản trùng.",VALID,true,9786047267729,Luật học,UNIVERSITY_CANDIDATE,Ưu tiên tiếng Việt; ngôn ngữ ấn bản chưa được xác minh,,,,5494;5903;5305,READY,Đạt kiểm tra định dạng và tiêu chí tuyển chọn; chưa xác minh thực tế mọi ấn bản.
5148,Module 9- Hệ tim mạch,"Hoàng Anh Tiến (Chủ biên), Nguyễn Hữu Trí, Nguyễn Thị Hiếu Dung, Đặng Công Thuận, Nguyễn Phương Thảo Tiên, Nguyễn Bá Lưu, Phù Thị Hoa",NXB Đại học Huế,2024,Giáo trình,Y HỌC CƠ SỞ,,,false,https://csdlkhoahoc.hueuni.edu.vn/index.php/book/detail/5148,13,Module 9- Hệ tim mạch,"Hoàng Anh Tiến(Chủ biên),Nguyễn Hữu Trí,Nguyễn Thị Hiếu Dung,Đặng Công Thuận,Nguyễn Phương Thảo Tiên,Nguyễn Bá Lưu,Phù Thị Hoa",Y HỌC CƠ SỞ,NXB Đại học Huế,,2024,CHECKED_UNRESOLVED,https://csdlkhoahoc.hueuni.edu.vn/index.php/book/detail/5148; https://opac.nlv.gov.vn/chi-tiet-tai-lieu/giao-trinh-module-9---he-tim-mach-202610360410813194617,Mục lục ghi bản 2023; nguồn ghi 2024. Cần xác minh tái bản trước khi dùng ISBN.,MISSING,,,Y dược và sức khỏe,UNIVERSITY_CANDIDATE,Ưu tiên tiếng Việt; ngôn ngữ ấn bản chưa được xác minh,EDITION_YEAR_REVIEW;ISBN_MISSING,,,5148,REVIEW,"Cần kiểm tra: ISBN_MISSING, EDITION_YEAR_REVIEW"
5150,Giáo trình: Đất đá xây dựng (Engineering soil),"Nguyễn Thị Thanh Nhàn (Chủ biên), Đỗ Quang Thiên, Trần Hữu Tuyên, Trần Thanh Nhàn",NXB Đại học Huế,2024,Giáo trình,Khoa học trái đất và khoa học môi trường liên quan khác,978-604-399-618-0,9786043996180,true,https://csdlkhoahoc.hueuni.edu.vn/index.php/book/detail/5150,13,Giáo trình: Đất đá xây dựng (Engineering soil),"Nguyễn Thị Thanh Nhàn(Chủ biên),Đỗ Quang Thiên,Trần Hữu Tuyên,Trần Thanh Nhàn",Khoa học trái đất và khoa học môi trường liên quan khác,NXB Đại học Huế,978-604-399-618-0,2024,NOT_REVIEWED,,,VALID,true,9786043996180,Địa lý và môi trường,UNIVERSITY_CANDIDATE,Ưu tiên tiếng Việt; ngôn ngữ ấn bản chưa được xác minh,,,,5150,READY,Đạt kiểm tra định dạng và tiêu chí tuyển chọn; chưa xác minh thực tế mọi ấn bản.
5221,Giáo trình Ngôn ngữ văn bản Pháp luật tiếng Trung Quốc,Trần Quang Cát Linh,NXB Đại học Huế,2024,Giáo trình,KHOA HỌC GIÁO DỤC,ISBN,,false,https://csdlkhoahoc.hueuni.edu.vn/index.php/book/detail/5221,13,Giáo trình Ngôn ngữ văn bản Pháp luật tiếng Trung Quốc,Trần Quang Cát Linh,KHOA HỌC GIÁO DỤC,NXB Đại học Huế,ISBN,2024,CHECKED_UNRESOLVED,https://csdlkhoahoc.hueuni.edu.vn/index.php/book/detail/5221,Đã đọc lại nguồn Đại học Huế và tra mục lục Thư viện Quốc gia; chưa đủ căn cứ bổ sung các trường còn thiếu cho đúng ấn bản.,MISSING,,,Giáo dục học,UNIVERSITY_CANDIDATE,Ưu tiên tiếng Việt; ngôn ngữ ấn bản chưa được xác minh,ISBN_MISSING,,,5221,REVIEW,Cần kiểm tra: ISBN_MISSING
5417,Giáo trình Luật thương mại (Phần 1),"Cao Đình Lành (Chủ biên), Nguyễn Thanh Tùng (Chủ biên)",NXB Tư Pháp,2024,Giáo trình,PHÁP LUẬT,9786048132101,9786048132101,true,https://csdlkhoahoc.hueuni.edu.vn/index.php/book/detail/5417,14,Giáo trình Luật thương mại (Phần 1),"Cao Đình Lành(Chủ biên),Nguyễn Thanh Tùng(Chủ biên)",PHÁP LUẬT,NXB Tư Pháp,9786048132101,2024,NOT_REVIEWED,,,VALID,true,9786048132101,Luật học,UNIVERSITY_CANDIDATE,Ưu tiên tiếng Việt; ngôn ngữ ấn bản chưa được xác minh,,,,5417,READY,Đạt kiểm tra định dạng và tiêu chí tuyển chọn; chưa xác minh thực tế mọi ấn bản.
5418,Giáo trình Luật thương mại (Phần 2),"Cao Đình Lành (Chủ biên), Nguyễn Thanh Tùng (Chủ biên)",NXB Tư Pháp,2024,Giáo trình,PHÁP LUẬT,9786048132118,9786048132118,true,https://csdlkhoahoc.hueuni.edu.vn/index.php/book/detail/5418,14,Giáo trình Luật thương mại (Phần 2),"Cao Đình Lành(Chủ biên),Nguyễn Thanh Tùng(Chủ biên)",PHÁP LUẬT,NXB Tư Pháp,9786048132118,2024,NOT_REVIEWED,,,VALID,true,9786048132118,Luật học,UNIVERSITY_CANDIDATE,Ưu tiên tiếng Việt; ngôn ngữ ấn bản chưa được xác minh,,,,5418,READY,Đạt kiểm tra định dạng và tiêu chí tuyển chọn; chưa xác minh thực tế mọi ấn bản.
4905,Đại số Tuyến tính I,"Lê Ngọc Long, Trần Nguyễn Khánh Linh (Chủ biên), Huỳnh Đình Tuân, Phạm Đình Đồng",NXB Đại học Huế,2024,Giáo trình,"Toán học cơ bản, Toán học ứng dụng",9786044892337,9786044892337,true,https://csdlkhoahoc.hueuni.edu.vn/index.php/book/detail/4905,14,Đại số Tuyến tính I,"Lê Ngọc Long,Trần Nguyễn Khánh Linh(Chủ biên),Huỳnh Đình Tuân,Phạm Đình Đồng","Toán học cơ bản, Toán học ứng dụng",,,2024,VERIFIED_UPDATE,https://csdlkhoahoc.hueuni.edu.vn/index.php/book/detail/4905; https://opac.nlv.gov.vn/chi-tiet-tai-lieu/giao-trinh-dai-so-tuyen-tinh-1-202610624990813195349,"Bổ sung/đính chính ISBN theo MARC 020 của Thư viện Quốc gia; đã đối chiếu nhan đề, tác giả, nhà xuất bản và năm với bản ghi nguồn.",VALID,,9786044892337,Toán học và thống kê,UNIVERSITY_CANDIDATE,Ưu tiên tiếng Việt; ngôn ngữ ấn bản chưa được xác minh,,,,4905,READY,Đạt kiểm tra định dạng và tiêu chí tuyển chọn; chưa xác minh thực tế mọi ấn bản.
5141,Linear Algebra 1,"Trần Nguyễn Khánh Linh (Chủ biên), Huỳnh Đình Tuân, Phạm Đình Đồng, Lê Ngọc Long",NXB Đại học Huế,2024,Giáo trình,"Toán học cơ bản, Toán học ứng dụng",9786044892412,9786044892412,true,https://csdlkhoahoc.hueuni.edu.vn/index.php/book/detail/5141,14,Linear Algebra 1,"Trần Nguyễn Khánh Linh(Chủ biên),Huỳnh Đình Tuân,Phạm Đình Đồng,Lê Ngọc Long","Toán học cơ bản, Toán học ứng dụng",,,2024,VERIFIED_UPDATE,https://csdlkhoahoc.hueuni.edu.vn/index.php/book/detail/5141; https://opac.nlv.gov.vn/chi-tiet-tai-lieu/linear-algebra-1-202610686310813200046,"Bổ sung/đính chính ISBN theo MARC 020 của Thư viện Quốc gia; đã đối chiếu nhan đề, tác giả, nhà xuất bản và năm với bản ghi nguồn.",VALID,,9786044892412,Toán học và thống kê,UNIVERSITY_CANDIDATE,Ưu tiên tiếng Việt; ngôn ngữ ấn bản chưa được xác minh,,,,5141,READY,Đạt kiểm tra định dạng và tiêu chí tuyển chọn; chưa xác minh thực tế mọi ấn bản.
5776,Giáo trình triệu chứng học nội khoa,"Trần Văn Huy (Chủ biên), Nguyễn Đình Toàn, Hoàng Anh Tiến, Nguyễn Hoàng Thanh Vân",NXB Đại học Huế,2024,Giáo trình,Y học tổng hợp và nội khoa,,,false,https://csdlkhoahoc.hueuni.edu.vn/index.php/book/detail/5776,14,Giáo trình triệu chứng học nội khoa,"Trần Văn Huy(Chủ biên),Nguyễn Đình Toàn,Hoàng Anh Tiến,Nguyễn Hoàng Thanh Vân",Y học tổng hợp và nội khoa,NXB Đại học Huế,,2024,CHECKED_UNRESOLVED,https://csdlkhoahoc.hueuni.edu.vn/index.php/book/detail/5776; https://opac.nlv.gov.vn/chi-tiet-tai-lieu/giao-trinh-dai-hoc-trieu-chung-hoc-noi-202610662830813195856,"Mục lục ghi bản 2025, nguồn ghi 2024. Cần trang bản quyền để phân biệt ấn bản.",MISSING,,,Y dược và sức khỏe,UNIVERSITY_CANDIDATE,Ưu tiên tiếng Việt; ngôn ngữ ấn bản chưa được xác minh,EDITION_YEAR_REVIEW;ISBN_MISSING,,,5776,REVIEW,"Cần kiểm tra: ISBN_MISSING, EDITION_YEAR_REVIEW"
5389,Quản lý năng suất và chất lượng,"TS. Trần Thị Bích Ngọc, TS. Lê Viết Giáp, PGS. TS. Đoàn Hương Quỳnh (Chủ biên), TS. Đặng Phương Mai (Chủ biên), TS. Nguyễn Thu Thương, TS. Vũ Thị Kim Oanh, TS. Đoàn Thục Quyên, TS, Đào Mạnh Huy, TS. Bạch Thị Thanh Hà, TS. Trần Thanh Thu, TS. Nguyễn Thị Bảo Hiền, TS. Hồ Quỳnh Anh, TS. Lâm Thị Thanh Huyền, TS. Phạm Minh Đức, TS. Hoàng Mỹ Linh",NXB tài chính,2024,Giáo trình,KINH TẾ VÀ KINH DOANH,978-604-79-4268-8,9786047942688,true,https://csdlkhoahoc.hueuni.edu.vn/index.php/book/detail/5389,14,Quản lý năng suất và chất lượng,"TS. Trần Thị Bích Ngọc,TS. Lê Viết Giáp, PGS. TS. Đoàn Hương Quỳnh (Chủ biên), TS. Đặng Phương Mai (Chủ biên), TS. Nguyễn Thu Thương, TS. Vũ Thị Kim Oanh, TS. Đoàn Thục Quyên, TS, Đào Mạnh Huy, TS. Bạch Thị Thanh Hà, TS. Trần Thanh Thu, TS. Nguyễn Thị Bảo Hiền, TS. Hồ Quỳnh Anh, TS. Lâm Thị Thanh Huyền, TS. Phạm Minh Đức, TS. Hoàng Mỹ Linh",KINH TẾ VÀ KINH DOANH,Nhà xuất bản tài chính,978-604-79-4268-8,2024,CHECKED_UNRESOLVED,https://csdlkhoahoc.hueuni.edu.vn/index.php/book/detail/5389,"Danh sách tác giả nguồn vượt 255 ký tự. Giữ nguyên đầy đủ; đây là giới hạn trường nhập, không phải thiếu thông tin để tự cắt tên. Cần quyết định cách lưu tác giả đầy đủ trước khi nhập.",VALID,true,9786047942688,Kinh tế và quản trị,UNIVERSITY_CANDIDATE,Ưu tiên tiếng Việt; ngôn ngữ ấn bản chưa được xác minh,TOO_LONG_AUTHOR,,,5389,REVIEW,Cần kiểm tra: TOO_LONG_AUTHOR
5147,Giáo trình lịch sử kinh tế Việt Nam,"Hoàng Chí Hiếu (Chủ biên), Trương Công Huỳnh Kỳ, Lê Thị Hoài Thanh",NXB Đại học Huế,2023,Giáo trình,Lịch sử Việt Nam,978-604-399-616-6,9786043996166,true,https://csdlkhoahoc.hueuni.edu.vn/index.php/book/detail/5147,14,Giáo trình lịch sử kinh tế Việt Nam,"Hoàng Chí Hiếu(Chủ biên),Trương Công Huỳnh Kỳ,Lê Thị Hoài Thanh",Lịch sử Việt Nam,NXB Đại học Huế,978-604-399-616-6,2023,NOT_REVIEWED,,,VALID,true,9786043996166,Lịch sử và văn hóa,UNIVERSITY_CANDIDATE,Ưu tiên tiếng Việt; ngôn ngữ ấn bản chưa được xác minh,,,,5147,READY,Đạt kiểm tra định dạng và tiêu chí tuyển chọn; chưa xác minh thực tế mọi ấn bản.
5305,Giáo trình Luật Hôn nhân và gia đình Việt Nam,Nguyễn Thị Lê Huyền,NXB Công an nhân dân,2024,Giáo trình,PHÁP LUẬT,9786047267729,9786047267729,true,https://csdlkhoahoc.hueuni.edu.vn/index.php/book/detail/5305,14,Giáo trình Luật Hôn nhân và gia đình,Nguyễn Thị Lê Huyền,PHÁP LUẬT,NXB Công an nhân dân,987-604-72-6772-9,2023,VERIFIED_UPDATE,https://csdlkhoahoc.hueuni.edu.vn/index.php/book/detail/5305; https://csdlkhoahoc.hueuni.edu.vn/data/2024/7/GT_LUẬT_HNGD.pdf; https://opac.nlv.gov.vn/chi-tiet-tai-lieu/giao-trinh-luat-hon-nhan-va-gia-dinh-vie-202610231910813194226,Tệp đính kèm ghi mã xuất bản năm 2024 và ISBN 978-604-72-6772-9; mục lục Thư viện Quốc gia cũng xác nhận năm 2024. Sửa năm 2023 và tiền tố ISBN 987 ở nguồn.,VALID,false,9786047267729,Luật học,UNIVERSITY_CANDIDATE,Ưu tiên tiếng Việt; ngôn ngữ ấn bản chưa được xác minh,,,5903,5494;5903;5305,DUPLICATE,"Trùng ISBN hợp lệ, nhan đề chuẩn hóa, năm và nhà xuất bản; giữ nguồn liên quan để truy vết, kiểm tra khác biệt tác giả ở dòng đại diện."
4618,Giáo trình phương pháp và phong cách Hồ Chí Minh,Nguyễn Văn Quang (Chủ biên),NXB Đại học Huế,2023,Giáo trình,KHOA HỌC CHÍNH TRỊ,978-604-399-175-8,9786043991758,true,https://csdlkhoahoc.hueuni.edu.vn/index.php/book/detail/4618,14,Giáo trình phương pháp và phong cách Hồ Chí Minh,Nguyễn Văn Quang(Chủ biên),KHOA HỌC CHÍNH TRỊ,NXB Đại học Huế,978-604-399-175-8,2023,NOT_REVIEWED,,,VALID,true,9786043991758,Khoa học chính trị,UNIVERSITY_CANDIDATE,Ưu tiên tiếng Việt; ngôn ngữ ấn bản chưa được xác minh,,,,4618,READY,Đạt kiểm tra định dạng và tiêu chí tuyển chọn; chưa xác minh thực tế mọi ấn bản.
5127,Giáo trình sau đại học Bệnh học cơ xương khớp,"Võ Tam (Chủ biên), Nguyễn Hoàng Thanh Vân (Chủ biên), Lê Thị Hồng Vân",NXB Đại học Huế,2023,Giáo trình,Bệnh về khớp,978-604-399-512-1,9786043995121,true,https://csdlkhoahoc.hueuni.edu.vn/index.php/book/detail/5127,14,Giáo trình sau đại học Bệnh học cơ xương khớp,"Võ Tam(Chủ biên),Nguyễn Hoàng Thanh Vân(Chủ biên),Lê Thị Hồng Vân",Bệnh về khớp,NXB Đại học Huế,978-604-399-512-1,2023,NOT_REVIEWED,,,VALID,true,9786043995121,Y dược và sức khỏe,UNIVERSITY_CANDIDATE,Ưu tiên tiếng Việt; ngôn ngữ ấn bản chưa được xác minh,,,,5127,READY,Đạt kiểm tra định dạng và tiêu chí tuyển chọn; chưa xác minh thực tế mọi ấn bản.
5119,Cơ sở Tự nhiên Xã hội 2 (Lịch sử - Địa lý),"Thái Quang Trung (Chủ biên), Lê Phúc Chi Lăng",NXB Đại học Huế,2023,Giáo trình,KHOA HỌC XÃ HỘI,9786049747052,9786049747052,true,https://csdlkhoahoc.hueuni.edu.vn/index.php/book/detail/5119,14,Cơ sở Tự nhiên Xã hội 2 (Lịch sử - Địa lý),"Thái Quang Trung(Chủ biên),Lê Phúc Chi Lăng",KHOA HỌC XÃ HỘI,NXB Đại học Huế,978-604-974-705-7,2023,VERIFIED_UPDATE,https://csdlkhoahoc.hueuni.edu.vn/index.php/book/detail/5119; https://opac.nlv.gov.vn/chi-tiet-tai-lieu/giao-trinh-co-so-tu-nhien---xa-hoi-2-li-20268954580813191701; https://csdlkhoahoc.hueuni.edu.vn/data/2023/5/Chi_Lang_-Ly_lich_khoa_hoc.pdf,"Thư viện Quốc gia ghi ISBN hợp lệ 9786049747052 cho bản 2020, khớp nhan đề và hai tác giả. Hồ sơ tác giả cũng ghi năm 2020 nhưng in ISBN sai checksum. Nguồn sách hiện ghi 2023; cần xác minh năm trước khi nhập.",VALID,false,9786049747052,Khoa học xã hội và nhân văn,UNIVERSITY_CANDIDATE,Ưu tiên tiếng Việt; ngôn ngữ ấn bản chưa được xác minh,EDITION_YEAR_REVIEW,,,5119,REVIEW,Cần kiểm tra: EDITION_YEAR_REVIEW
5120,Thực hành dược khoa,Đoàn Thị Ái Nghĩa,NXB Đại học Huế,2023,Giáo trình,DƯỢC HỌC,978-604-337-124-6,9786043371246,true,https://csdlkhoahoc.hueuni.edu.vn/index.php/book/detail/5120,14,Thực hành dược khoa,Đoàn Thị Ái Nghĩa,DƯỢC HỌC,NXB Đại học Huế,978-604-337-124-6,2023,NOT_REVIEWED,,,VALID,true,9786043371246,Y dược và sức khỏe,UNIVERSITY_CANDIDATE,Ưu tiên tiếng Việt; ngôn ngữ ấn bản chưa được xác minh,,,,5120,READY,Đạt kiểm tra định dạng và tiêu chí tuyển chọn; chưa xác minh thực tế mọi ấn bản.
5283,Giáo trình Tội phạm học,Hà Lệ Thủy (Chủ biên),NXB Tư Pháp,2023,Giáo trình,PHÁP LUẬT,978-604-81-3206-4,9786048132064,true,https://csdlkhoahoc.hueuni.edu.vn/index.php/book/detail/5283,15,Giáo trình Tội phạm học,Hà Lệ Thủy(Chủ biên),PHÁP LUẬT,NXB Tư Pháp,978-604-81-3206-4,2023,NOT_REVIEWED,,,VALID,true,9786048132064,Luật học,UNIVERSITY_CANDIDATE,Ưu tiên tiếng Việt; ngôn ngữ ấn bản chưa được xác minh,,,5511,5283;5511,DUPLICATE,"Trùng ISBN hợp lệ, nhan đề chuẩn hóa, năm và nhà xuất bản; giữ nguồn liên quan để truy vết, kiểm tra khác biệt tác giả ở dòng đại diện."
5337,Giáo dục văn hoá trong dạy học môn Tiếng Việt ở tiểu học,"Trần Thị Quỳnh Nga, Bùi Thanh Truyền (Chủ biên), Nguyễn Tiến Dũng, Lê Thị Lan Anh",NXB Đại Học Sư phạm TP. HCM,2023,Giáo trình,"Khoa học giáo dục học nói chung, bao gồm cả đào tạo, sư phạm học, lý luận giáo dục,..",ISBN 978-604-367-782-9,9786043677829,true,https://csdlkhoahoc.hueuni.edu.vn/index.php/book/detail/5337,15,Giáo dục văn hoá trong dạy học môn Tiếng Việt ở tiểu học,"Trần Thị Quỳnh Nga,Bùi Thanh Truyền(Chủ biên), Nguyễn Tiến Dũng, Lê Thị Lan Anh","Khoa học giáo dục học nói chung, bao gồm cả đào tạo, sư phạm học, lý luận giáo dục,..",NXB Đại Học Sư phạm TP. HCM,ISBN 978-604-367-782-9,2023,NOT_REVIEWED,,,VALID,true,9786043677829,Giáo dục học,UNIVERSITY_CANDIDATE,Ưu tiên tiếng Việt; ngôn ngữ ấn bản chưa được xác minh,,,,5337,READY,Đạt kiểm tra định dạng và tiêu chí tuyển chọn; chưa xác minh thực tế mọi ấn bản.
5282,Giáo trình Luật hình sự Việt Nam phần các tội phạm,Hà Lệ Thủy (Chủ biên),NXB Tư Pháp,2023,Giáo trình,PHÁP LUẬT,9786048131920,9786048131920,true,https://csdlkhoahoc.hueuni.edu.vn/index.php/book/detail/5282,15,Giáo trình Luật hình sự Việt Nam phần các tội phạm,Hà Lệ Thủy(Chủ biên),PHÁP LUẬT,NXB Tư Pháp,978-604-81-3192,2023,VERIFIED_UPDATE,https://csdlkhoahoc.hueuni.edu.vn/index.php/book/detail/5282; https://csdlkhoahoc.hueuni.edu.vn/data/2025/1/giao_trinh_luat_hs_phan_toi_pham_2023.pdf,Đối chiếu trang bìa và mã vạch ở trang 8 của tệp sách: 978-604-81-3192-0; chủ biên Hà Lệ Thủy. Trường tác giả dùng trách nhiệm chính ghi trên bìa; tên người tham gia ban đầu vẫn nằm trong original_author.,VALID,false,9786048131920,Luật học,UNIVERSITY_CANDIDATE,Ưu tiên tiếng Việt; ngôn ngữ ấn bản chưa được xác minh,,,,5282;5488,READY,Đạt kiểm tra định dạng và tiêu chí tuyển chọn; chưa xác minh thực tế mọi ấn bản.
5488,Giáo trình luật hình sự Việt Nam phần các tội phạm,Hà Lệ Thủy (Chủ biên),NXB Tư Pháp,2023,Giáo trình,Luật học,9786048131920,9786048131920,true,https://csdlkhoahoc.hueuni.edu.vn/index.php/book/detail/5488,15,Giáo trình luật hình sự Việt Nam phần các tội phạm,Dương Thị Cẩm Nhung,Luật học,NXB Tư Pháp,,2023,VERIFIED_UPDATE,https://csdlkhoahoc.hueuni.edu.vn/index.php/book/detail/5488; https://csdlkhoahoc.hueuni.edu.vn/data/2025/1/giao_trinh_luat_hs_phan_toi_pham_2023.pdf,Đối chiếu trang bìa và mã vạch ở trang 8 của tệp sách: 978-604-81-3192-0; chủ biên Hà Lệ Thủy. Trường tác giả dùng trách nhiệm chính ghi trên bìa; tên người tham gia ban đầu vẫn nằm trong original_author.,VALID,,9786048131920,Luật học,UNIVERSITY_CANDIDATE,Ưu tiên tiếng Việt; ngôn ngữ ấn bản chưa được xác minh,,,5282,5282;5488,DUPLICATE,"Trùng ISBN hợp lệ, nhan đề chuẩn hóa, năm và nhà xuất bản; giữ nguồn liên quan để truy vết, kiểm tra khác biệt tác giả ở dòng đại diện."
5103,"Giáo trình sau đại học Hồi sức cấp cứu tập 1, 2","Nguyễn Văn Minh (Chủ biên), Trần Xuân Thịnh, Phan Thắng",NXB Đại học Huế,2023,Giáo trình,Điều trị tích cực và hồi sức cấp cứu,,,false,https://csdlkhoahoc.hueuni.edu.vn/index.php/book/detail/5103,15,"Giáo trình sau đại học Hồi sức cấp cứu tập 1, 2","Nguyễn Văn Minh(Chủ biên),Trần Xuân Thịnh,Phan Thắng",Điều trị tích cực và hồi sức cấp cứu,NXB Đại học Huế,,2023,CHECKED_UNRESOLVED,https://csdlkhoahoc.hueuni.edu.vn/index.php/book/detail/5103; https://opac.nlv.gov.vn/chi-tiet-tai-lieu/giao-trinh-sau-dai-hoc-hoi-suc-cap-cuu-202610779070813195621,"Nguồn gộp tập 1 và 2 năm 2023. Kết quả là từng tập tái bản 2025, mỗi tập có ISBN riêng; không gán ISBN của một tập cho cả bộ.",MISSING,,,Y dược và sức khỏe,UNIVERSITY_CANDIDATE,Ưu tiên tiếng Việt; ngôn ngữ ấn bản chưa được xác minh,EDITION_YEAR_REVIEW;ISBN_MISSING;POSSIBLE_DUPLICATE_TITLE,,,5103,REVIEW,"Cần kiểm tra: ISBN_MISSING, POSSIBLE_DUPLICATE_TITLE, EDITION_YEAR_REVIEW"
5222,Giáo trình bệnh cây đại cương,"Nguyễn Vĩnh Trường (Chủ biên), Lê Như Cương, Trần Thị Thu Hà, Nguyễn Thị Thu Thủy, Trần Thị Nga",NXB Đại học Huế,2023,Giáo trình,Bảo vệ thực vật,978-604-399-635-7,9786043996357,true,https://csdlkhoahoc.hueuni.edu.vn/index.php/book/detail/5222,15,Giáo trình bệnh cây đại cương,"Nguyễn Vĩnh Trường(Chủ biên),Lê Như Cương,Trần Thị Thu Hà,Nguyễn Thị Thu Thủy,Trần Thị Nga",Bảo vệ thực vật,NXB Đại học Huế,978-604-399-635-7,2023,NOT_REVIEWED,,,VALID,true,9786043996357,Nông nghiệp và thú y,UNIVERSITY_CANDIDATE,Ưu tiên tiếng Việt; ngôn ngữ ấn bản chưa được xác minh,,,,5222,READY,Đạt kiểm tra định dạng và tiêu chí tuyển chọn; chưa xác minh thực tế mọi ấn bản.
5178,Giáo trình tiếng Việt A2,,NXB Đại học Huế,2023,Giáo trình,NGÔN NGỮ HỌC VÀ VĂN HỌC,,,false,https://csdlkhoahoc.hueuni.edu.vn/index.php/book/detail/5178,15,Giáo trình tiếng Việt A2,,NGÔN NGỮ HỌC VÀ VĂN HỌC,NXB Đại học Huế,,2023,CHECKED_UNRESOLVED,https://csdlkhoahoc.hueuni.edu.vn/index.php/book/detail/5178; https://opac.nlv.gov.vn/chi-tiet-tai-lieu/giao-trinh-tieng-viet-trinh-do-a2-202610651970813195321,Nguồn thiếu cả tác giả; tìm thấy sách A2 năm 2024 nhưng chưa chứng minh đúng bản 2023 này.,MISSING,,,Ngôn ngữ và văn học,UNIVERSITY_CANDIDATE,Ưu tiên tiếng Việt; ngôn ngữ ấn bản chưa được xác minh,EDITION_YEAR_REVIEW;ISBN_MISSING;MISSING_AUTHOR,,,5178,REVIEW,"Cần kiểm tra: ISBN_MISSING, MISSING_AUTHOR, EDITION_YEAR_REVIEW"
5225,Giáo trình tiếng Việt trình độ A1,"Liêu Thị Thanh Nhàn, Lê Lâm Thi (Chủ biên), Đỗ Thị Xuân Dung, Ngô Thị Khai Nguyên, Trần Thị Xuân, Đặng Diễm Đông",NXB Đại học Huế,2023,Giáo trình,NGÔN NGỮ HỌC VÀ VĂN HỌC,ISBN,,false,https://csdlkhoahoc.hueuni.edu.vn/index.php/book/detail/5225,15,Giáo trình tiếng Việt trình độ A1,"Liêu Thị Thanh Nhàn,Lê Lâm Thi(Chủ biên),Đỗ Thị Xuân Dung,Ngô Thị Khai Nguyên,Trần Thị Xuân,Đặng Diễm Đông",NGÔN NGỮ HỌC VÀ VĂN HỌC,NXB Đại học Huế,ISBN,2023,CHECKED_UNRESOLVED,https://csdlkhoahoc.hueuni.edu.vn/index.php/book/detail/5225; https://opac.nlv.gov.vn/chi-tiet-tai-lieu/giao-trinh-tieng-viet-trinh-do-a1-202610651960813195321,"Có bản 2024 và tái bản cùng năm với ISBN khác; nguồn ghi 2023, chưa đủ căn cứ chọn ISBN.",MISSING,,,Ngôn ngữ và văn học,UNIVERSITY_CANDIDATE,Ưu tiên tiếng Việt; ngôn ngữ ấn bản chưa được xác minh,EDITION_YEAR_REVIEW;ISBN_MISSING,,,5225,REVIEW,"Cần kiểm tra: ISBN_MISSING, EDITION_YEAR_REVIEW"
5495,MARRIAGE AND FAMILY LAW IN VIETNAM,"Hoàng Thảo Anh (Chủ biên), Hoàng Thị Hải Yến (Chủ biên)",NXB Đại học Huế,2023,Giáo trình,PHÁP LUẬT,978-604-399-585-5,9786043995855,true,https://csdlkhoahoc.hueuni.edu.vn/index.php/book/detail/5495,15,MARRIAGE AND FAMILY LAW IN VIETNAM,"Hoàng Thảo Anh(Chủ biên),Hoàng Thị Hải Yến(Chủ biên)",PHÁP LUẬT,NXB Đại học Huế,978-604-399-585-5,2023,NOT_REVIEWED,,,VALID,true,9786043995855,Luật học,UNIVERSITY_CANDIDATE,Ưu tiên tiếng Việt; ngôn ngữ ấn bản chưa được xác minh,,,,5495,READY,Đạt kiểm tra định dạng và tiêu chí tuyển chọn; chưa xác minh thực tế mọi ấn bản.
5839,Sinh lý học thực vật,"Nguyễn Thị Quỳnh Trang (Chủ biên), Phạm Quang Chinh, Phùng Thị Bích Hòa",NXB Đại học Huế,2023,Giáo trình,SINH HỌC,,,false,https://csdlkhoahoc.hueuni.edu.vn/index.php/book/detail/5839,15,Sinh lý học thực vật,"Nguyễn Thị Quỳnh Trang(Chủ biên),Phạm Quang Chinh,Phùng Thị Bích Hòa",SINH HỌC,NXB Đại học Huế,,2023,CHECKED_UNRESOLVED,https://csdlkhoahoc.hueuni.edu.vn/index.php/book/detail/5839; https://opac.nlv.gov.vn/chi-tiet-tai-lieu/giao-trinh-sinh-ly-hoc-thuc-vat-202610751110813195658,"Đúng nhóm tác giả nhưng mục lục ghi bản 2025, nguồn ghi 2023. Giữ để kiểm tra ấn bản.",MISSING,,,Sinh học,UNIVERSITY_CANDIDATE,Ưu tiên tiếng Việt; ngôn ngữ ấn bản chưa được xác minh,EDITION_YEAR_REVIEW;ISBN_MISSING,,,5839,REVIEW,"Cần kiểm tra: ISBN_MISSING, EDITION_YEAR_REVIEW"
5369,Giáo trình tiếng Việt trình độ A2,"Liêu Thị Thanh Nhàn (Chủ biên), Đỗ Thị Xuân Dung, Lê Lâm Thi, Ngô Thị Khai Nguyên, Đặng Diễm Đông, Trần Thị Xuân, Dương Thị Nhung",NXB Đại học Huế,2023,Giáo trình,NGÔN NGỮ HỌC VÀ VĂN HỌC,,,false,https://csdlkhoahoc.hueuni.edu.vn/index.php/book/detail/5369,15,Giáo trình tiếng Việt trình độ A2,"Liêu Thị Thanh Nhàn(Chủ biên),Đỗ Thị Xuân Dung,Lê Lâm Thi,Ngô Thị Khai Nguyên,Đặng Diễm Đông,Trần Thị Xuân,Dương Thị Nhung",NGÔN NGỮ HỌC VÀ VĂN HỌC,NXB Đại học Huế,,2023,CHECKED_UNRESOLVED,https://csdlkhoahoc.hueuni.edu.vn/index.php/book/detail/5369; https://opac.nlv.gov.vn/chi-tiet-tai-lieu/giao-trinh-tieng-viet-trinh-do-a2-202610651970813195321,Tìm thấy bản A2 năm 2024; nguồn ghi 2023. Chưa dùng ISBN của bản 2024 cho bản 2023.,MISSING,,,Ngôn ngữ và văn học,UNIVERSITY_CANDIDATE,Ưu tiên tiếng Việt; ngôn ngữ ấn bản chưa được xác minh,EDITION_YEAR_REVIEW;ISBN_MISSING,,,5369,REVIEW,"Cần kiểm tra: ISBN_MISSING, EDITION_YEAR_REVIEW"
5092,CHỌN GIỐNG VÀ NHÂN GIỐNG VẬT NUÔI,"Nguyễn Minh Hoàn (Chủ biên), Lê Đình Phùng (Chủ biên), Lê Thị Lan Phương",NXB Đại học Huế,2023,Giáo trình,CHĂN NUÔI,978-604q-399-523-7,9786043995237,true,https://csdlkhoahoc.hueuni.edu.vn/index.php/book/detail/5092,15,CHỌN GIỐNG VÀ NHÂN GIỐNG VẬT NUÔI,"Nguyễn Minh Hoàn(Chủ biên),Lê Đình Phùng(Chủ biên),Lê Thị Lan Phương",CHĂN NUÔI,NXB Đại học Huế,978-604q-399-523-7,2023,CHECKED_UNRESOLVED,https://csdlkhoahoc.hueuni.edu.vn/index.php/book/detail/5092,Đã đọc lại nguồn Đại học Huế và tra mục lục Thư viện Quốc gia; chưa đủ căn cứ bổ sung các trường còn thiếu cho đúng ấn bản.,VALID,true,9786043995237,Nông nghiệp và thú y,UNIVERSITY_CANDIDATE,Ưu tiên tiếng Việt; ngôn ngữ ấn bản chưa được xác minh,POSSIBLE_DUPLICATE_TITLE,,,5092,REVIEW,Cần kiểm tra: POSSIBLE_DUPLICATE_TITLE
5476,"Cơ sở răng hàm mặt - từ lý thuyết đến thực hành lâm sàng (Dành cho Sinh viên Y học cổ truyền, Y học dự phòng)",Lê Văn Nhật Thắng,NXB Đại học Huế,2023,Giáo trình,Nha khoa và phẫu thuật miệng,9786043996234,9786043996234,true,https://csdlkhoahoc.hueuni.edu.vn/index.php/book/detail/5476,16,"Cơ sở răng hàm mặt - từ lý thuyết đến thực hành lâm sàng (Dành cho Sinh viên Y học cổ truyền, Y học dự phòng)",Lê Văn Nhật Thắng,Nha khoa và phẫu thuật miệng,NXB Đại học Huế,9786043996234,2023,NOT_REVIEWED,,,VALID,true,9786043996234,Y dược và sức khỏe,UNIVERSITY_CANDIDATE,Ưu tiên tiếng Việt; ngôn ngữ ấn bản chưa được xác minh,,,,5476,READY,Đạt kiểm tra định dạng và tiêu chí tuyển chọn; chưa xác minh thực tế mọi ấn bản.
5142,Thiết kế bài kiểm tra ngoại ngữ bậc tiểu học (Basics to Language Testing: Constructing Tests for Young Language Learners),"Nguyễn Hồ Hoàng Thủy (Chủ biên), Hoàng Thị Linh Giang (Chủ biên), Hồ Thị Thùy Trang, Đặng Thị Cẩm Tú, Nguyễn Thị Hồng Duyên, Nguyễn Thị Mai Hữu",NXB Đại học Huế,2023,Giáo trình,Ngôn ngữ học ứng dụng,978-604-337-698-2,9786043376982,true,https://csdlkhoahoc.hueuni.edu.vn/index.php/book/detail/5142,16,Thiết kế bài kiểm tra ngoại ngữ bậc tiểu học (Basics to Language Testing: Constructing Tests for Young Language Learners),"Nguyễn Hồ Hoàng Thủy(Chủ biên),Hoàng Thị Linh Giang(Chủ biên),Hồ Thị Thùy Trang,Đặng Thị Cẩm Tú,Nguyễn Thị Hồng Duyên, Nguyễn Thị Mai Hữu",Ngôn ngữ học ứng dụng,NXB Đại học Huế,978-604-337-698-2,2023,NOT_REVIEWED,,,VALID,true,9786043376982,Ngôn ngữ và văn học,UNIVERSITY_CANDIDATE,Ưu tiên tiếng Việt; ngôn ngữ ấn bản chưa được xác minh,,,,5142,READY,Đạt kiểm tra định dạng và tiêu chí tuyển chọn; chưa xác minh thực tế mọi ấn bản.
5250,Giáo trình Xã hội học lao động và việc làm,"Lê Đăng Bảo Châu (Chủ biên), Lê Duy Mai Phương, Đoàn Lê Minh Châu",NXB Đại học Huế,2023,Giáo trình,XÃ HỘI HỌC,978-604-399-334-9,9786043993349,true,https://csdlkhoahoc.hueuni.edu.vn/index.php/book/detail/5250,16,Giáo trình Xã hội học lao động và việc làm,"Lê Đăng Bảo Châu(Chủ biên), Lê Duy Mai Phương,Đoàn Lê Minh Châu",XÃ HỘI HỌC,NXB Đại học Huế,978-604-399-334-9,2023,NOT_REVIEWED,,,VALID,true,9786043993349,Khoa học xã hội và nhân văn,UNIVERSITY_CANDIDATE,Ưu tiên tiếng Việt; ngôn ngữ ấn bản chưa được xác minh,,,,5250,READY,Đạt kiểm tra định dạng và tiêu chí tuyển chọn; chưa xác minh thực tế mọi ấn bản.
5085,Giáo trình Lý luận nhà nước và pháp luật,Lý Nam Hải (Viết chương 8),NXB Công an nhân dân,2023,Giáo trình,PHÁP LUẬT,978-604-72-6547-3,9786047265473,true,https://csdlkhoahoc.hueuni.edu.vn/index.php/book/detail/5085,16,Giáo trình Lý luận nhà nước và pháp luật,Lý Nam Hải (Viết chương 8),PHÁP LUẬT,NXB Công an nhân dân,978-604-72-6547-3,2023,NOT_REVIEWED,,,VALID,true,9786047265473,Luật học,UNIVERSITY_CANDIDATE,Ưu tiên tiếng Việt; ngôn ngữ ấn bản chưa được xác minh,,,,5085,READY,Đạt kiểm tra định dạng và tiêu chí tuyển chọn; chưa xác minh thực tế mọi ấn bản.
5144,Giáo trình Module 25: Y học cổ truyền - Phục hồi chức năng,"Đoàn Văn Minh (Chủ biên), Hà Chân Nhân (Chủ biên), Nguyễn Thị Tân, Phạm Thị Xuân Mai, Vương Thị Kim Chi, Đoàn Văn Hân, Nguyễn Thị Anh, Nguyễn Văn Hưng, Trần Nhật Minh, Nguyễn Ngọc Lê, Nguyễn Thị Hương Lam, Nguyễn Thiện Phước, Lê Thị Thu Thảo, Lê Thị Minh Thảo, Nguyễn Quang Tâm, Nguyễn Thị Kim Liên, Tôn Thất Minh Đạt, Trần Thị Quỳnh Trang, Nguyễn Thị Vân Kiều, Nguyễn Phước Minh Tâm",NXB Đại học Huế,2023,Giáo trình,Y học dân tộc; y học cổ truyền,978-604-399-568-8,9786043995688,true,https://csdlkhoahoc.hueuni.edu.vn/index.php/book/detail/5144,16,Giáo trình Module 25: Y học cổ truyền - Phục hồi chức năng,"Đoàn Văn Minh(Chủ biên),Hà Chân Nhân(Chủ biên),Nguyễn Thị Tân,Phạm Thị Xuân Mai,Vương Thị Kim Chi, Đoàn Văn Hân,Nguyễn Thị Anh,Nguyễn Văn Hưng,Trần Nhật Minh,Nguyễn Ngọc Lê,Nguyễn Thị Hương Lam,Nguyễn Thiện Phước,Lê Thị Thu Thảo,Lê Thị Minh Thảo,Nguyễn Quang Tâm,Nguyễn Thị Kim Liên,Tôn Thất Minh Đạt,Trần Thị Quỳnh Trang,Nguyễn Thị Vân Kiều,Nguyễn Phước Minh Tâm",Y học dân tộc; y học cổ truyền,NXB Đại học Huế,978-604-399-568-8,2023,CHECKED_UNRESOLVED,https://csdlkhoahoc.hueuni.edu.vn/index.php/book/detail/5144,"Danh sách tác giả nguồn vượt 255 ký tự. Giữ nguyên đầy đủ; đây là giới hạn trường nhập, không phải thiếu thông tin để tự cắt tên. Cần quyết định cách lưu tác giả đầy đủ trước khi nhập.",VALID,true,9786043995688,Y dược và sức khỏe,UNIVERSITY_CANDIDATE,Ưu tiên tiếng Việt; ngôn ngữ ấn bản chưa được xác minh,TOO_LONG_AUTHOR,,,5144,REVIEW,Cần kiểm tra: TOO_LONG_AUTHOR
5172,Tin học thống kê trong nghiên cứu tài nguyên và môi trường,"Đỗ Thị Việt Hương (Chủ biên), Nguyễn Bắc Giang (Chủ biên), Bùi Thị Thu",NXB Đại học Huế,2023,Giáo trình,Thống kê,978-604-399-565-7,9786043995657,true,https://csdlkhoahoc.hueuni.edu.vn/index.php/book/detail/5172,16,Tin học thống kê trong nghiên cứu tài nguyên và môi trường,"Đỗ Thị Việt Hương(Chủ biên),Nguyễn Bắc Giang(Chủ biên),Bùi Thị Thu",Thống kê,NXB Đại học Huế,978-604-399-565-7,2023,NOT_REVIEWED,,,VALID,true,9786043995657,Toán học và thống kê,UNIVERSITY_CANDIDATE,Ưu tiên tiếng Việt; ngôn ngữ ấn bản chưa được xác minh,,,,5172,READY,Đạt kiểm tra định dạng và tiêu chí tuyển chọn; chưa xác minh thực tế mọi ấn bản.
5122,"Giáo trình sau đại học Hồi sức cấp cứu tập 1,2","Nguyễn Văn Minh (Chủ biên), Trần Xuân Thịnh (Chủ biên), Phan Thắng, Trần Thị Thu Lành",NXB Đại học Huế,2023,Giáo trình,Điều trị tích cực và hồi sức cấp cứu,,,false,https://csdlkhoahoc.hueuni.edu.vn/index.php/book/detail/5122,16,"Giáo trình sau đại học Hồi sức cấp cứu tập 1,2","Nguyễn Văn Minh(Chủ biên),Trần Xuân Thịnh(Chủ biên),Phan Thắng,Trần Thị Thu Lành",Điều trị tích cực và hồi sức cấp cứu,NXB Đại học Huế,,2023,CHECKED_UNRESOLVED,https://csdlkhoahoc.hueuni.edu.vn/index.php/book/detail/5122; https://opac.nlv.gov.vn/chi-tiet-tai-lieu/giao-trinh-sau-dai-hoc-hoi-suc-cap-cuu-202610779070813195621,Nguồn gộp tập 1 và 2 năm 2023. Phải xác minh và tách từng tập khi biên mục; chưa thay dữ liệu thành một tập tái bản 2025.,MISSING,,,Y dược và sức khỏe,UNIVERSITY_CANDIDATE,Ưu tiên tiếng Việt; ngôn ngữ ấn bản chưa được xác minh,EDITION_YEAR_REVIEW;ISBN_MISSING;POSSIBLE_DUPLICATE_TITLE,,,5122,REVIEW,"Cần kiểm tra: ISBN_MISSING, POSSIBLE_DUPLICATE_TITLE, EDITION_YEAR_REVIEW"
5511,Tội phạm học,"Hà Lệ Thủy, Nguyễn Thị Bình (Đồng chủ biên)",NXB Tư Pháp,2023,Giáo trình,Tội phạm học,978-604-81-3206-4,9786048132064,true,https://csdlkhoahoc.hueuni.edu.vn/index.php/book/detail/5511,16,Tội phạm học,Nguyễn Thị Bình(Chủ biên),Tội phạm học,NXB Tư Pháp,978-604-81-3206-4,2023,VERIFIED_UPDATE,https://csdlkhoahoc.hueuni.edu.vn/index.php/book/detail/5511; https://hul.edu.vn/vi/unit_news/trung-tam-thong-tin-thu-vien/giao-trinh-toi-pham-hoc,Thư viện Đại học Luật Huế xác nhận hai người là đồng chủ biên bản 2023. Hai hồ sơ nguồn chỉ kê riêng từng người; giữ thông tin gốc để truy vết.,VALID,true,9786048132064,Luật học,UNIVERSITY_CANDIDATE,Ưu tiên tiếng Việt; ngôn ngữ ấn bản chưa được xác minh,,,,5283;5511,READY,Đạt kiểm tra định dạng và tiêu chí tuyển chọn; chưa xác minh thực tế mọi ấn bản.
5056,Giáo trình Thị trường bất động sản,"Nguyễn Thị Hải (Chủ biên), Nguyễn Hữu Ngữ, Trần Trọng Tấn",NXB Đại học Huế,2023,Giáo trình,Kinh doanh và quản lý,978-604-399-530-5,9786043995305,true,https://csdlkhoahoc.hueuni.edu.vn/index.php/book/detail/5056,16,Giáo trình Thị trường bất động sản,"Nguyễn Thị Hải(Chủ biên),Nguyễn Hữu Ngữ,Trần Trọng Tấn",Kinh doanh và quản lý,NXB Đại học Huế,978-604-399-530-5,2023,NOT_REVIEWED,,,VALID,true,9786043995305,Kinh tế và quản trị,UNIVERSITY_CANDIDATE,Ưu tiên tiếng Việt; ngôn ngữ ấn bản chưa được xác minh,,,,5056,READY,Đạt kiểm tra định dạng và tiêu chí tuyển chọn; chưa xác minh thực tế mọi ấn bản.
5101,Giáo trình Tố tụng dân sự,Vũ Thị Hương,NXB Công an nhân dân,2023,Giáo trình,PHÁP LUẬT,978-604-72-6616-6,9786047266166,true,https://csdlkhoahoc.hueuni.edu.vn/index.php/book/detail/5101,16,Giáo trình Tố tụng dân sự,Vũ Thị Hương,PHÁP LUẬT,NXB Công an nhân dân,978-604-72-6616-6,2023,NOT_REVIEWED,,,VALID,true,9786047266166,Luật học,UNIVERSITY_CANDIDATE,Ưu tiên tiếng Việt; ngôn ngữ ấn bản chưa được xác minh,,,,5101,READY,Đạt kiểm tra định dạng và tiêu chí tuyển chọn; chưa xác minh thực tế mọi ấn bản.
5176,Miễn dịch học thuỷ sản ứng dụng,"Nguyễn Ngọc Phước (Chủ biên), Nguyễn Đức Quỳnh Anh, Nguyễn Nam Quang, Phạm Thị Hải Yến, Nguyễn Thị Xuân Hồng, Nguyễn Anh Tuấn",NXB Đại học Huế,2023,Giáo trình,Bệnh học thuỷ sản,9786043995374,9786043995374,true,https://csdlkhoahoc.hueuni.edu.vn/index.php/book/detail/5176,16,Miễn dịch học thuỷ sản ứng dụng,"Nguyễn Ngọc Phước(Chủ biên),Nguyễn Đức Quỳnh Anh,Nguyễn Nam Quang,Phạm Thị Hải Yến,Nguyễn Thị Xuân Hồng,Nguyễn Anh Tuấn",Bệnh học thuỷ sản,NXB Đại học Huế,978-804-399-537-4,2023,VERIFIED_UPDATE,https://csdlkhoahoc.hueuni.edu.vn/index.php/book/detail/5176; https://opac.nlv.gov.vn/chi-tiet-tai-lieu/giao-trinh-mien-dich-hoc-thuy-san-ung-du-202610403900813194701,"Bổ sung/đính chính ISBN theo MARC 020 của Thư viện Quốc gia; đã đối chiếu nhan đề, tác giả, nhà xuất bản và năm với bản ghi nguồn.",VALID,false,9786043995374,Nông nghiệp và thú y,UNIVERSITY_CANDIDATE,Ưu tiên tiếng Việt; ngôn ngữ ấn bản chưa được xác minh,,,,5176,READY,Đạt kiểm tra định dạng và tiêu chí tuyển chọn; chưa xác minh thực tế mọi ấn bản.
5201,Mô bệnh học,"Nguyễn Thị Huế Linh (Chủ biên), Nguyễn Thị Xuân Hồng, Nguyễn Đức Quỳnh Anh, Nguyễn Nam Quang",NXB Đại học Huế,2023,Giáo trình,Bệnh học thuỷ sản,978-604-399-538-1,9786043995381,true,https://csdlkhoahoc.hueuni.edu.vn/index.php/book/detail/5201,16,Mô bệnh học,"Nguyễn Thị Huế Linh(Chủ biên),Nguyễn Thị Xuân Hồng,Nguyễn Đức Quỳnh Anh,Nguyễn Nam Quang",Bệnh học thuỷ sản,NXB Đại học Huế,978-604-399-538-1,2023,NOT_REVIEWED,,,VALID,true,9786043995381,Nông nghiệp và thú y,UNIVERSITY_CANDIDATE,Ưu tiên tiếng Việt; ngôn ngữ ấn bản chưa được xác minh,,,,5201,READY,Đạt kiểm tra định dạng và tiêu chí tuyển chọn; chưa xác minh thực tế mọi ấn bản.
5304,Giáo trình Tư Pháp quốc tế,Nguyễn Thị Lê Huyền,NXB Công an nhân dân,2023,Giáo trình,PHÁP LUẬT,978-604-72-6442-1,9786047264421,true,https://csdlkhoahoc.hueuni.edu.vn/index.php/book/detail/5304,17,Giáo trình Tư Pháp quốc tế,Nguyễn Thị Lê Huyền,PHÁP LUẬT,NXB Công an nhân dân,978-604-72-6442-1,2023,NOT_REVIEWED,,,VALID,true,9786047264421,Luật học,UNIVERSITY_CANDIDATE,Ưu tiên tiếng Việt; ngôn ngữ ấn bản chưa được xác minh,,,5904,5304;5073;5904,DUPLICATE,"Trùng ISBN hợp lệ, nhan đề chuẩn hóa, năm và nhà xuất bản; giữ nguồn liên quan để truy vết, kiểm tra khác biệt tác giả ở dòng đại diện."
5073,Tư Pháp quốc tế,"Vũ Thị Hương (Chủ biên), Nguyễn Sơn Hà",NXB Công an nhân dân,2023,Giáo trình,PHÁP LUẬT,978-604-72-6442-1,9786047264421,true,https://csdlkhoahoc.hueuni.edu.vn/index.php/book/detail/5073,17,Tư Pháp quốc tế,"Vũ Thị Hương(Chủ biên),Nguyễn Sơn Hà",PHÁP LUẬT,NXB Công an nhân dân,978-604-72-6442-1,2023,NOT_REVIEWED,,,VALID,true,9786047264421,Luật học,UNIVERSITY_CANDIDATE,Ưu tiên tiếng Việt; ngôn ngữ ấn bản chưa được xác minh,,,5904,5304;5073;5904,DUPLICATE,"Trùng ISBN hợp lệ, nhan đề chuẩn hóa, năm và nhà xuất bản; giữ nguồn liên quan để truy vết, kiểm tra khác biệt tác giả ở dòng đại diện."
5046,Giáo trình từ vựng học tiếng Nhật,"Nguyễn Thị Hương Trà (Chủ biên), Trần Diễm Hà, Lê Thị Thu Hà, TRỊNH TRẦN NGỌC KHÁNH, Đào Thị Thùy Nhi, Phan Gia Nhật, TRẦN THỊ KHÁNH LIÊN",NXB Đại học Huế,2023,Giáo trình,KHOA HỌC NHÂN VĂN KHÁC,,,false,https://csdlkhoahoc.hueuni.edu.vn/index.php/book/detail/5046,17,Giáo trình từ vựng học tiếng Nhật,"Nguyễn Thị Hương Trà(Chủ biên),Trần Diễm Hà,Lê Thị Thu Hà,TRỊNH TRẦN NGỌC KHÁNH,Đào Thị Thùy Nhi,Phan Gia Nhật,TRẦN THỊ KHÁNH LIÊN",KHOA HỌC NHÂN VĂN KHÁC,NXB Đại học Huế,,2023,CHECKED_UNRESOLVED,https://csdlkhoahoc.hueuni.edu.vn/index.php/book/detail/5046,Đã đọc lại nguồn Đại học Huế và tra mục lục Thư viện Quốc gia; chưa đủ căn cứ bổ sung các trường còn thiếu cho đúng ấn bản.,MISSING,,,Khoa học xã hội và nhân văn,UNIVERSITY_CANDIDATE,Ưu tiên tiếng Việt; ngôn ngữ ấn bản chưa được xác minh,ISBN_MISSING;POSSIBLE_DUPLICATE_TITLE,,,5046,REVIEW,"Cần kiểm tra: ISBN_MISSING, POSSIBLE_DUPLICATE_TITLE"
5234,Giáo trình từ vựng học tiếng Nhật,"Nguyễn Thị Hương Trà (Chủ biên), Trần Diễm Hà, Lê Thị Thu Hà, TRỊNH TRẦN NGỌC KHÁNH, Đào Thị Thùy Nhi, Phan Gia Nhật, TRẦN THỊ KHÁNH LIÊN, Nguyễn Thị Vĩnh Tú",NXB Đại học Huế,2023,Giáo trình,KHOA HỌC NHÂN VĂN KHÁC,,,false,https://csdlkhoahoc.hueuni.edu.vn/index.php/book/detail/5234,17,Giáo trình từ vựng học tiếng Nhật,"Nguyễn Thị Hương Trà(Chủ biên),Trần Diễm Hà,Lê Thị Thu Hà,TRỊNH TRẦN NGỌC KHÁNH,Đào Thị Thùy Nhi,Phan Gia Nhật,TRẦN THỊ KHÁNH LIÊN,Nguyễn Thị Vĩnh Tú",KHOA HỌC NHÂN VĂN KHÁC,NXB Đại học Huế,,2023,CHECKED_UNRESOLVED,https://csdlkhoahoc.hueuni.edu.vn/index.php/book/detail/5234,Đã đọc lại nguồn Đại học Huế và tra mục lục Thư viện Quốc gia; chưa đủ căn cứ bổ sung các trường còn thiếu cho đúng ấn bản.,MISSING,,,Khoa học xã hội và nhân văn,UNIVERSITY_CANDIDATE,Ưu tiên tiếng Việt; ngôn ngữ ấn bản chưa được xác minh,ISBN_MISSING;POSSIBLE_DUPLICATE_TITLE,,,5234,REVIEW,"Cần kiểm tra: ISBN_MISSING, POSSIBLE_DUPLICATE_TITLE"
5048,Materials Development and Adaptation in English Language Teaching,Lê Phạm Hoài Hương (Chủ biên),NXB Đại học Huế,2023,Giáo trình,KHOA HỌC GIÁO DỤC,,,false,https://csdlkhoahoc.hueuni.edu.vn/index.php/book/detail/5048,17,Materials Development and Adaptation in English Language Teaching,Lê Phạm Hoài Hương(Chủ biên),KHOA HỌC GIÁO DỤC,NXB Đại học Huế,,2023,CHECKED_UNRESOLVED,https://csdlkhoahoc.hueuni.edu.vn/index.php/book/detail/5048,Đã đọc lại nguồn Đại học Huế và tra mục lục Thư viện Quốc gia; chưa đủ căn cứ bổ sung các trường còn thiếu cho đúng ấn bản.,MISSING,,,Giáo dục học,UNIVERSITY_CANDIDATE,Ưu tiên tiếng Việt; ngôn ngữ ấn bản chưa được xác minh,ISBN_MISSING,,,5048,REVIEW,Cần kiểm tra: ISBN_MISSING
5149,Mô Học,Nguyễn Phương Thảo Tiên (Chủ biên),Đại học huế,2023,Giáo trình,Y HỌC CƠ SỞ,,,false,https://csdlkhoahoc.hueuni.edu.vn/index.php/book/detail/5149,17,Mô Học,Nguyễn Phương Thảo Tiên(Chủ biên),Y HỌC CƠ SỞ,Đại học huế,,2023,CHECKED_UNRESOLVED,https://csdlkhoahoc.hueuni.edu.vn/index.php/book/detail/5149,Đã đọc lại nguồn Đại học Huế và tra mục lục Thư viện Quốc gia; chưa đủ căn cứ bổ sung các trường còn thiếu cho đúng ấn bản.,MISSING,,,Y dược và sức khỏe,UNIVERSITY_CANDIDATE,Ưu tiên tiếng Việt; ngôn ngữ ấn bản chưa được xác minh,ISBN_MISSING,,,5149,REVIEW,Cần kiểm tra: ISBN_MISSING
5153,Giáo trình Kỹ thuật trong giảng dạy tiếng Anh,"Ngô Lê Hoàng Phương, Bảo Khâm (Chủ biên)",NXB Đại học Huế,2023,Giáo trình,Ngôn ngữ học ứng dụng,978-604-399-638-8,9786043996388,true,https://csdlkhoahoc.hueuni.edu.vn/index.php/book/detail/5153,17,Giáo trình Kỹ thuật trong giảng dạy tiếng Anh,"Ngô Lê Hoàng Phương,Bảo Khâm(Chủ biên)",Ngôn ngữ học ứng dụng,NXB Đại học Huế,978-604-399-638-8,2023,NOT_REVIEWED,,,VALID,true,9786043996388,Ngôn ngữ và văn học,UNIVERSITY_CANDIDATE,Ưu tiên tiếng Việt; ngôn ngữ ấn bản chưa được xác minh,,,,5153,READY,Đạt kiểm tra định dạng và tiêu chí tuyển chọn; chưa xác minh thực tế mọi ấn bản.
5858,Ngoại bệnh lý,Võ Minh Nhật,NXB Đại học Huế,2023,Giáo trình,Ngoại khoa,,,false,https://csdlkhoahoc.hueuni.edu.vn/index.php/book/detail/5858,17,Ngoại bệnh lý,Võ Minh Nhật,Ngoại khoa,NXB Đại học Huế,,2023,CHECKED_UNRESOLVED,https://csdlkhoahoc.hueuni.edu.vn/index.php/book/detail/5858,Đã đọc lại nguồn Đại học Huế và tra mục lục Thư viện Quốc gia; chưa đủ căn cứ bổ sung các trường còn thiếu cho đúng ấn bản.,MISSING,,,Y dược và sức khỏe,UNIVERSITY_CANDIDATE,Ưu tiên tiếng Việt; ngôn ngữ ấn bản chưa được xác minh,ISBN_MISSING,,,5858,REVIEW,Cần kiểm tra: ISBN_MISSING
5042,Nguyên Lý Kế Toán,Nguyễn Ngọc Thuỷ,NXB Đại học Huế,2023,Giáo trình,Kinh doanh và quản lý,,,false,https://csdlkhoahoc.hueuni.edu.vn/index.php/book/detail/5042,17,Nguyên Lý Kế Toán,Nguyễn Ngọc Thuỷ,Kinh doanh và quản lý,NXB Đại học Huế,,2023,CHECKED_UNRESOLVED,https://csdlkhoahoc.hueuni.edu.vn/index.php/book/detail/5042,Đã đọc lại nguồn Đại học Huế và tra mục lục Thư viện Quốc gia; chưa đủ căn cứ bổ sung các trường còn thiếu cho đúng ấn bản.,MISSING,,,Kinh tế và quản trị,UNIVERSITY_CANDIDATE,Ưu tiên tiếng Việt; ngôn ngữ ấn bản chưa được xác minh,EDITION_YEAR_REVIEW;ISBN_MISSING,,,5042,REVIEW,"Cần kiểm tra: ISBN_MISSING, EDITION_YEAR_REVIEW"
5230,Chọn giống và nhân giống vật nuôi,Nguyễn Minh Hoàn (Chủ biên),NXB Đại học Huế,2023,Giáo trình,Di truyền và nhân giống động vật nuôi,,,false,https://csdlkhoahoc.hueuni.edu.vn/index.php/book/detail/5230,17,Chọn giống và nhân giống vật nuôi,Nguyễn Minh Hoàn(Chủ biên),Di truyền và nhân giống động vật nuôi,NXB Đại học Huế,,2023,CHECKED_UNRESOLVED,https://csdlkhoahoc.hueuni.edu.vn/index.php/book/detail/5230,Đã đọc lại nguồn Đại học Huế và tra mục lục Thư viện Quốc gia; chưa đủ căn cứ bổ sung các trường còn thiếu cho đúng ấn bản.,MISSING,,,Nông nghiệp và thú y,UNIVERSITY_CANDIDATE,Ưu tiên tiếng Việt; ngôn ngữ ấn bản chưa được xác minh,ISBN_MISSING;POSSIBLE_DUPLICATE_TITLE,,,5230,REVIEW,"Cần kiểm tra: ISBN_MISSING, POSSIBLE_DUPLICATE_TITLE"
5295,GIÁO TRÌNH LUẬT TỐ TỤNG DÂN SỰ VIỆT NAM,Lê Thị Thìn,NXB Công an nhân dân,2023,Giáo trình,KHOA HỌC XÃ HỘI,978-604-72-6456-8,9786047264568,true,https://csdlkhoahoc.hueuni.edu.vn/index.php/book/detail/5295,17,GIÁO TRÌNH LUẬT TỐ TỤNG DÂN SỰ VIỆT NAM,Lê Thị Thìn,KHOA HỌC XÃ HỘI,NXB Công an nhân dân,978-604-72-6456-8,2023,CHECKED_UNRESOLVED,https://csdlkhoahoc.hueuni.edu.vn/index.php/book/detail/5295,Đã đọc lại nguồn Đại học Huế và tra mục lục Thư viện Quốc gia; chưa đủ căn cứ bổ sung các trường còn thiếu cho đúng ấn bản.,VALID,true,9786047264568,Khoa học xã hội và nhân văn,UNIVERSITY_CANDIDATE,Ưu tiên tiếng Việt; ngôn ngữ ấn bản chưa được xác minh,,,5707,5295;5707,DUPLICATE,"Trùng ISBN hợp lệ, nhan đề chuẩn hóa, năm và nhà xuất bản; giữ nguồn liên quan để truy vết, kiểm tra khác biệt tác giả ở dòng đại diện."
5707,Giáo trình Luật tố tụng dân sự Việt Nam,"Nguyễn Thị Thúy Hằng (Chủ biên), Đoàn Đức Lương (Chủ biên)",NXB Công an nhân dân,2023,Giáo trình,PHÁP LUẬT,978-604-72-6456-8,9786047264568,true,https://csdlkhoahoc.hueuni.edu.vn/index.php/book/detail/5707,17,Giáo trình Luật tố tụng dân sự Việt Nam,"Nguyễn Thị Thúy Hằng(Chủ biên),Đoàn Đức Lương(Chủ biên)",PHÁP LUẬT,NXB Tư Pháp,978-604-72-6456-8,2023,VERIFIED_UPDATE,https://csdlkhoahoc.hueuni.edu.vn/index.php/book/detail/5707; https://nlv.gov.vn/dmdocuments/tmqg-12-2023.pdf,"Thư mục Quốc gia tháng 12/2023, mục 272, xác nhận nhan đề, hai chủ biên, năm 2023 và NXB Công an nhân dân. Sửa nhà xuất bản Tư pháp; khác biệt danh sách người tham gia vẫn cần kiểm tra.",VALID,true,9786047264568,Luật học,UNIVERSITY_CANDIDATE,Ưu tiên tiếng Việt; ngôn ngữ ấn bản chưa được xác minh,AUTHOR_METADATA_REVIEW,,,5295;5707,REVIEW,Cần kiểm tra: AUTHOR_METADATA_REVIEW
4825,Lâm nghiệp đô thị,"Ngô Thị Phương Anh (Chủ biên), Ngô Tùng Đức (Chủ biên), Đỗ Thị Thu Ái, Vũ Thị Thùy Trang",NXB Đại học Huế,2023,Giáo trình,LÂM NGHIỆP,978-604-399-526-8,9786043995268,true,https://csdlkhoahoc.hueuni.edu.vn/index.php/book/detail/4825,18,Lâm nghiệp đô thị,"Ngô Thị Phương Anh(Chủ biên),Ngô Tùng Đức(Chủ biên),Đỗ Thị Thu Ái,Vũ Thị Thùy Trang",LÂM NGHIỆP,NXB Đại học Huế,978-604-399-526-8,2023,NOT_REVIEWED,,,VALID,true,9786043995268,Nông nghiệp và thú y,UNIVERSITY_CANDIDATE,Ưu tiên tiếng Việt; ngôn ngữ ấn bản chưa được xác minh,,,,4825,READY,Đạt kiểm tra định dạng và tiêu chí tuyển chọn; chưa xác minh thực tế mọi ấn bản.
5175,Miễn dịch học thuỷ sản đại cương,"Nguyễn Ngọc Phước (Chủ biên), Nguyễn Thị Xuân Hồng (Chủ biên), Nguyễn Văn Huệ, Nguyễn Thị Huế Linh, Nguyễn Đức Quỳnh Anh",NXB Đại học Huế,2023,Giáo trình,Sinh học lý thuyết,978-604-399-536-7,9786043995367,true,https://csdlkhoahoc.hueuni.edu.vn/index.php/book/detail/5175,18,Miễn dịch học thuỷ sản đại cương,"Nguyễn Ngọc Phước(Chủ biên),Nguyễn Thị Xuân Hồng(Chủ biên),Nguyễn Văn Huệ,Nguyễn Thị Huế Linh,Nguyễn Đức Quỳnh Anh",Sinh học lý thuyết,NXB Đại học Huế,978-604-399-536-7,2023,NOT_REVIEWED,,,VALID,true,9786043995367,Sinh học,UNIVERSITY_CANDIDATE,Ưu tiên tiếng Việt; ngôn ngữ ấn bản chưa được xác minh,,,,5175,READY,Đạt kiểm tra định dạng và tiêu chí tuyển chọn; chưa xác minh thực tế mọi ấn bản.
5904,Giáo trình Tư pháp quốc tế,"Vũ Thị Hương (Chủ biên), Hoàng Thảo Anh, Đào Mộng Điệp, Nguyễn Thị Lê Huyền, Đỗ Thị Diện, Nguyễn Sơn Hà, Hồ Minh Thành",NXB Công an nhân dân,2023,Giáo trình,PHÁP LUẬT,978-604-72-6442-1,9786047264421,true,https://csdlkhoahoc.hueuni.edu.vn/index.php/book/detail/5904,18,Giáo trình Tư pháp quốc tế,"Vũ Thị Hương(Chủ biên),Hoàng Thảo Anh,Đào Mộng Điệp,Nguyễn Thị Lê Huyền,Đỗ Thị Diện,Nguyễn Sơn Hà,Hồ Minh Thành",PHÁP LUẬT,NXB Công an nhân dân,978-604-72-6442-1,2023,CHECKED_UNRESOLVED,https://csdlkhoahoc.hueuni.edu.vn/index.php/book/detail/5904,Đã đọc lại nguồn Đại học Huế và tra mục lục Thư viện Quốc gia; chưa đủ căn cứ bổ sung các trường còn thiếu cho đúng ấn bản.,VALID,true,9786047264421,Luật học,UNIVERSITY_CANDIDATE,Ưu tiên tiếng Việt; ngôn ngữ ấn bản chưa được xác minh,AUTHOR_METADATA_REVIEW,,,5304;5073;5904,REVIEW,Cần kiểm tra: AUTHOR_METADATA_REVIEW
5259,giáo án Vật lý 11 (bộ sách KNTT) - chương trình GDPT 2018,Lê Xuân Diễm Ngọc (Chủ biên),,2023,Giáo trình,VẬT LÝ,,,false,https://csdlkhoahoc.hueuni.edu.vn/index.php/book/detail/5259,18,giáo án Vật lý 11 (bộ sách KNTT) - chương trình GDPT 2018,Lê Xuân Diễm Ngọc(Chủ biên),VẬT LÝ,,,2023,NOT_REVIEWED,,,MISSING,,,Vật lý,EXCLUDE,Ưu tiên tiếng Việt; ngôn ngữ ấn bản chưa được xác minh,ISBN_MISSING;MISSING_PUBLISHER,,,5259,EXCLUDED,"Tài liệu phổ thông/giáo án phổ thông hoặc chương sách, bài trong kỷ yếu; không chọn làm đầu sách đại học độc lập."
5260,giáo án Chuyên đề Vật lý 11 (bộ sách KNTT) - chương trình GDPT 2018,Lê Xuân Diễm Ngọc,,2023,Giáo trình,VẬT LÝ,,,false,https://csdlkhoahoc.hueuni.edu.vn/index.php/book/detail/5260,18,giáo án Chuyên đề Vật lý 11 (bộ sách KNTT) - chương trình GDPT 2018,Lê Xuân Diễm Ngọc,VẬT LÝ,,,2023,NOT_REVIEWED,,,MISSING,,,Vật lý,EXCLUDE,Ưu tiên tiếng Việt; ngôn ngữ ấn bản chưa được xác minh,ISBN_MISSING;MISSING_PUBLISHER,,,5260,EXCLUDED,"Tài liệu phổ thông/giáo án phổ thông hoặc chương sách, bài trong kỷ yếu; không chọn làm đầu sách đại học độc lập."
4997,Đạo đức kinh doanh,Nguyễn Văn Thắng (Chủ biên),NXB Đại học Huế,2023,Giáo trình,KINH TẾ VÀ KINH DOANH,,,false,https://csdlkhoahoc.hueuni.edu.vn/index.php/book/detail/4997,18,Đạo đức kinh doanh,Nguyễn Văn Thắng(Chủ biên),KINH TẾ VÀ KINH DOANH,NXB Đại học Huế,,2023,CHECKED_UNRESOLVED,https://csdlkhoahoc.hueuni.edu.vn/index.php/book/detail/4997,Đã đọc lại nguồn Đại học Huế và tra mục lục Thư viện Quốc gia; chưa đủ căn cứ bổ sung các trường còn thiếu cho đúng ấn bản.,MISSING,,,Kinh tế và quản trị,UNIVERSITY_CANDIDATE,Ưu tiên tiếng Việt; ngôn ngữ ấn bản chưa được xác minh,ISBN_MISSING,,,4997,REVIEW,Cần kiểm tra: ISBN_MISSING
4996,Giáo trình giáo dục di sản trong nhà trường phổ thông,"Nguyễn Văn Thắng (Chủ biên), Lê Văn Thuật",NXB Đại học Huế,2023,Giáo trình,KHOA HỌC GIÁO DỤC,,,false,https://csdlkhoahoc.hueuni.edu.vn/index.php/book/detail/4996,18,Giáo trình giáo dục di sản trong nhà trường phổ thông,"Nguyễn Văn Thắng(Chủ biên),Lê Văn Thuật",KHOA HỌC GIÁO DỤC,NXB Đại học Huế,,2023,CHECKED_UNRESOLVED,https://csdlkhoahoc.hueuni.edu.vn/index.php/book/detail/4996,Đã đọc lại nguồn Đại học Huế và tra mục lục Thư viện Quốc gia; chưa đủ căn cứ bổ sung các trường còn thiếu cho đúng ấn bản.,MISSING,,,Giáo dục học,UNIVERSITY_CANDIDATE,Ưu tiên tiếng Việt; ngôn ngữ ấn bản chưa được xác minh,ISBN_MISSING,,,4996,REVIEW,Cần kiểm tra: ISBN_MISSING
5271,giáo án công nghệ 12,Lê Phước Định (Chủ biên),,2023,Giáo trình,Khoa học vật lý khác,,,false,https://csdlkhoahoc.hueuni.edu.vn/index.php/book/detail/5271,18,giáo án công nghệ 12,Lê Phước Định(Chủ biên),Khoa học vật lý khác,,,2023,NOT_REVIEWED,,,MISSING,,,Vật lý,EXCLUDE,Ưu tiên tiếng Việt; ngôn ngữ ấn bản chưa được xác minh,ISBN_MISSING;MISSING_PUBLISHER,,,5271,EXCLUDED,"Tài liệu phổ thông/giáo án phổ thông hoặc chương sách, bài trong kỷ yếu; không chọn làm đầu sách đại học độc lập."
4955,"Thực tiễn và kinh nghiệm xây dựng, phát triển ngành Giáo dục và Đào tạo",Lê Thị Quí Đức (Chủ biên),NXB Lý Luận Chính Trị,2023,Giáo trình,Khoa học chính trị,978-604366-158-3,9786043661583,true,https://csdlkhoahoc.hueuni.edu.vn/index.php/book/detail/4955,18,"Thực tiễn và kinh nghiệm xây dựng, phát triển ngành Giáo dục và Đào tạo",Lê Thị Quí Đức(Chủ biên),Khoa học chính trị,NXB Lý Luận Chính Trị,978-604366-158-3,2023,NOT_REVIEWED,,,VALID,true,9786043661583,Khoa học chính trị,UNIVERSITY_CANDIDATE,Ưu tiên tiếng Việt; ngôn ngữ ấn bản chưa được xác minh,,,,4955,READY,Đạt kiểm tra định dạng và tiêu chí tuyển chọn; chưa xác minh thực tế mọi ấn bản.
5387,ĐẤT NƯỚC HỌC TRUNG QUỐC,"Liêu Linh Chuyên (chủ biên)(Chủ biên), Nguyễn Thị Linh Tú, Dương Thị Kim Hằng, Lê Thị Thanh Nhàn, TRỊNH THỊ TUYÊT NHUNG, Phan Phương Thanh, ĐOÀN THỊ THANH BÌNH",NXB Đại học Huế,2023,Giáo trình,NGÔN NGỮ HỌC VÀ VĂN HỌC,9786043996500,9786043996500,true,https://csdlkhoahoc.hueuni.edu.vn/index.php/book/detail/5387,18,ĐẤT NƯỚC HỌC TRUNG QUỐC,"Liêu Linh Chuyên (chủ biên)(Chủ biên),Nguyễn Thị Linh Tú,Dương Thị Kim Hằng,Lê Thị Thanh Nhàn,TRỊNH THỊ TUYÊT NHUNG,Phan Phương Thanh,ĐOÀN THỊ THANH BÌNH",NGÔN NGỮ HỌC VÀ VĂN HỌC,NXB Đại học Huế,ISBN 978 604 339 650- 0,2023,VERIFIED_UPDATE,https://csdlkhoahoc.hueuni.edu.vn/index.php/book/detail/5387; https://lib.huflis.edu.vn/opac/DmdInfo.aspx?mnuid=141&dmd_id=22684; https://opac.nlv.gov.vn/chi-tiet-tai-lieu/giao-trinh-dat-nuoc-hoc-trung-quoc-202610651830813195321,"MARC 020 của thư viện Đại học Ngoại ngữ Huế xác nhận 9786043996500, năm 2023. Thư viện Quốc gia ghi cùng ISBN nhưng năm 2024, số trang khác; chưa kết luận ấn bản. Giữ các năm gốc và yêu cầu xem trang bản quyền.",VALID,false,9786043996500,Ngôn ngữ và văn học,UNIVERSITY_CANDIDATE,Ưu tiên tiếng Việt; ngôn ngữ ấn bản chưa được xác minh,AUTHOR_METADATA_REVIEW;EDITION_YEAR_REVIEW,,,5387;5788,REVIEW,"Cần kiểm tra: AUTHOR_METADATA_REVIEW, EDITION_YEAR_REVIEW"
5788,ĐẤT NƯỚC HỌC TRUNG QUỐC,"Lê Khương Minh Trang, Liêu Linh Chuyên (Chủ biên)",NXB Đại học Huế,2023,Giáo trình,NGÔN NGỮ HỌC VÀ VĂN HỌC,9786043996500,9786043996500,true,https://csdlkhoahoc.hueuni.edu.vn/index.php/book/detail/5788,18,ĐẤT NƯỚC HỌC TRUNG QUỐC,"Lê Khương Minh Trang,Liêu Linh Chuyên(Chủ biên)",NGÔN NGỮ HỌC VÀ VĂN HỌC,NXB Đại học Huế,ISBN 978 604 339 650- 0,2023,VERIFIED_UPDATE,https://csdlkhoahoc.hueuni.edu.vn/index.php/book/detail/5788; https://lib.huflis.edu.vn/opac/DmdInfo.aspx?mnuid=141&dmd_id=22684; https://opac.nlv.gov.vn/chi-tiet-tai-lieu/giao-trinh-dat-nuoc-hoc-trung-quoc-202610651830813195321,"MARC 020 của thư viện Đại học Ngoại ngữ Huế xác nhận 9786043996500, năm 2023. Thư viện Quốc gia ghi cùng ISBN nhưng năm 2024, số trang khác; chưa kết luận ấn bản. Giữ các năm gốc và yêu cầu xem trang bản quyền.",VALID,false,9786043996500,Ngôn ngữ và văn học,UNIVERSITY_CANDIDATE,Ưu tiên tiếng Việt; ngôn ngữ ấn bản chưa được xác minh,EDITION_YEAR_REVIEW,,5387,5387;5788,DUPLICATE,"Trùng ISBN hợp lệ, nhan đề chuẩn hóa, năm và nhà xuất bản; giữ nguồn liên quan để truy vết, kiểm tra khác biệt tác giả ở dòng đại diện."
5255,Giáo trình cây lương thục,Trịnh Thị Sen (Chủ biên),NXB Đại học Huế,2023,Giáo trình,Cây lương thực và cây thực phẩm,978-604-399-445-2,9786043994452,true,https://csdlkhoahoc.hueuni.edu.vn/index.php/book/detail/5255,18,Giáo trình cây lương thục,Trịnh Thị Sen(Chủ biên),Cây lương thực và cây thực phẩm,NXB Đại học Huế,978-604-399-445-2,2023,NOT_REVIEWED,,,VALID,true,9786043994452,Nông nghiệp và thú y,UNIVERSITY_CANDIDATE,Ưu tiên tiếng Việt; ngôn ngữ ấn bản chưa được xác minh,,,,5255,READY,Đạt kiểm tra định dạng và tiêu chí tuyển chọn; chưa xác minh thực tế mọi ấn bản.
4488,Giáo trình Đánh giá và Thiết kế bài trắc nghiệm,"Phan Thị Kim Liên (Chủ biên), Hoàng Thị Thu Hạnh (Chủ biên), Phạm Thị Tuyết Nhung",NXB Đại học Huế,2023,Giáo trình,KHOA HỌC GIÁO DỤC,ISBN:978-604-399-503-9,9786043995039,true,https://csdlkhoahoc.hueuni.edu.vn/index.php/book/detail/4488,19,Giáo trình Đánh giá và Thiết kế bài trắc nghiệm,"Phan Thị Kim Liên(Chủ biên),Hoàng Thị Thu Hạnh(Chủ biên),Phạm Thị Tuyết Nhung",KHOA HỌC GIÁO DỤC,NXB Đại học Huế,ISBN:978-604-399-503-9,2023,NOT_REVIEWED,,,VALID,true,9786043995039,Giáo dục học,UNIVERSITY_CANDIDATE,Ưu tiên tiếng Việt; ngôn ngữ ấn bản chưa được xác minh,,,,4488,READY,Đạt kiểm tra định dạng và tiêu chí tuyển chọn; chưa xác minh thực tế mọi ấn bản.
5100,Giáo trình Module 4 Khoa học cơ bản môn Hóa học (dành cho sinh viên ngành Y khoa),"Lê Thị Kim Dung (Chủ biên), Đặng Thị Ngọc Hoa (Chủ biên), Trần Thị Hòa, Võ Châu Ngọc Anh, Nguyễn Quang Mẫn, Nguyễn Vĩnh Phú",NXB Đại học Huế,2023,Giáo trình,HOÁ HỌC,978-604-399-439-1,9786043994391,true,https://csdlkhoahoc.hueuni.edu.vn/index.php/book/detail/5100,19,Giáo trình Module 4 Khoa học cơ bản môn Hóa học (dành cho sinh viên ngành Y khoa),"Lê Thị Kim Dung(Chủ biên),Đặng Thị Ngọc Hoa(Chủ biên),Trần Thị Hòa,Võ Châu Ngọc Anh,Nguyễn Quang Mẫn,Nguyễn Vĩnh Phú",HOÁ HỌC,NXB Đại học Huế,978-604-399-439-1,2023,NOT_REVIEWED,,,VALID,true,9786043994391,Hóa học,UNIVERSITY_CANDIDATE,Ưu tiên tiếng Việt; ngôn ngữ ấn bản chưa được xác minh,,,,5100,READY,Đạt kiểm tra định dạng và tiêu chí tuyển chọn; chưa xác minh thực tế mọi ấn bản.
5409,GIÁO TRÌNH PHƯƠNG PHÁP DẠY HỌC SINH HỌC,"Trương Thị Thanh Mai (Chủ biên), Phan Đức Duy, Lê Minh Đức, Phạm Đình Văn, Ngô Thị Hoàng Vân, Nguyễn Thị Hải Yế",NXB Đà Nẵng,2023,Giáo trình,KHOA HỌC GIÁO DỤC,978-604-84-7368-6,9786048473686,true,https://csdlkhoahoc.hueuni.edu.vn/index.php/book/detail/5409,19,GIÁO TRÌNH PHƯƠNG PHÁP DẠY HỌC SINH HỌC,"Trương Thị Thanh Mai (Chủ biên),Phan Đức Duy, Lê Minh Đức, Phạm Đình Văn, Ngô Thị Hoàng Vân, Nguyễn Thị Hải Yế",KHOA HỌC GIÁO DỤC,NXB Đà Nẵng,978-604-84-7368-6,2023,NOT_REVIEWED,,,VALID,true,9786048473686,Giáo dục học,UNIVERSITY_CANDIDATE,Ưu tiên tiếng Việt; ngôn ngữ ấn bản chưa được xác minh,,,,5409,READY,Đạt kiểm tra định dạng và tiêu chí tuyển chọn; chưa xác minh thực tế mọi ấn bản.
4931,Giáo trình Miễn dịch học Thú y,"Phạm Hồng Sơn (Chủ biên), Bùi Thị Hiền",NXB Đại học Huế,2023,Giáo trình,THÚ Y,,,false,https://csdlkhoahoc.hueuni.edu.vn/index.php/book/detail/4931,19,Giáo trình Miễn dịch học Thú y,"Phạm Hồng Sơn(Chủ biên),Bùi Thị Hiền",THÚ Y,NXB Đại học Huế,,2023,CHECKED_UNRESOLVED,https://csdlkhoahoc.hueuni.edu.vn/index.php/book/detail/4931,Đã đọc lại nguồn Đại học Huế và tra mục lục Thư viện Quốc gia; chưa đủ căn cứ bổ sung các trường còn thiếu cho đúng ấn bản.,MISSING,,,Nông nghiệp và thú y,UNIVERSITY_CANDIDATE,Ưu tiên tiếng Việt; ngôn ngữ ấn bản chưa được xác minh,ISBN_MISSING,,,4931,REVIEW,Cần kiểm tra: ISBN_MISSING
4904,English for Materials Technology,"Phan Gia Anh Vũ (Chủ biên), Đỗ Huy Bình, Ngô Hải Đăng, Võ Thị Liên Hương, Phạm Thanh Trúc",NXB Đại học Quốc gia thành phố Hồ Chí Minh,2023,Giáo trình,Ngôn ngữ học ứng dụng,978-604-73-9703-7,9786047397037,true,https://csdlkhoahoc.hueuni.edu.vn/index.php/book/detail/4904,19,English for Materials Technology,"Phan Gia Anh Vũ (Chủ biên), Đỗ Huy Bình, Ngô Hải Đăng,Võ Thị Liên Hương, Phạm Thanh Trúc",Ngôn ngữ học ứng dụng,NXB Đại học Quốc gia thành phố Hồ Chí Minh,978-604-73-9703-7,2023,NOT_REVIEWED,,,VALID,true,9786047397037,Ngôn ngữ và văn học,UNIVERSITY_CANDIDATE,Ưu tiên tiếng Việt; ngôn ngữ ấn bản chưa được xác minh,,,,4904,READY,Đạt kiểm tra định dạng và tiêu chí tuyển chọn; chưa xác minh thực tế mọi ấn bản.
4886,Bài giảng Ngôn ngữ mô hình hoá UML,Nguyễn Văn Trung (Chủ biên),,2023,Giáo trình,Khoa học máy tính,,,false,https://csdlkhoahoc.hueuni.edu.vn/index.php/book/detail/4886,19,Bài giảng Ngôn ngữ mô hình hoá UML,Nguyễn Văn Trung(Chủ biên),Khoa học máy tính,,,2023,CHECKED_UNRESOLVED,https://csdlkhoahoc.hueuni.edu.vn/index.php/book/detail/4886; https://csdlkhoahoc.hueuni.edu.vn/data/2023/6/CamScanner_06-20-2023_17_10.pdf,"Tệp đính kèm là biên bản nghiệm thu bài giảng nội bộ, không phải trang bản quyền sách. Chưa xác định có ISBN hoặc nhà xuất bản; không gán trường đại học làm nhà xuất bản khi chưa có chứng cứ.",MISSING,,,Công nghệ thông tin,UNIVERSITY_CANDIDATE,Ưu tiên tiếng Việt; ngôn ngữ ấn bản chưa được xác minh,INTERNAL_TEACHING_MATERIAL;ISBN_MISSING;MISSING_PUBLISHER,,,4886,REVIEW,"Cần kiểm tra: ISBN_MISSING, MISSING_PUBLISHER, INTERNAL_TEACHING_MATERIAL"
4874,giáo án bài dạy Vật lý 10 cơ bản,Lê Xuân Diễm Ngọc (Chủ biên),,2023,Giáo trình,VẬT LÝ,,,false,https://csdlkhoahoc.hueuni.edu.vn/index.php/book/detail/4874,19,giáo án bài dạy Vật lý 10 cơ bản,Lê Xuân Diễm Ngọc(Chủ biên),VẬT LÝ,,,2023,NOT_REVIEWED,,,MISSING,,,Vật lý,EXCLUDE,Ưu tiên tiếng Việt; ngôn ngữ ấn bản chưa được xác minh,ISBN_MISSING;MISSING_PUBLISHER,,,4874,EXCLUDED,"Tài liệu phổ thông/giáo án phổ thông hoặc chương sách, bài trong kỷ yếu; không chọn làm đầu sách đại học độc lập."
4851,Bài giảng Vật lý 10- chuyên sâu- chương trình GDPT 2018,"Lê Xuân Diễm Ngọc (Chủ biên), Lê Phước Định (Chủ biên)",,2023,Giáo trình,Khoa học vật lý khác,,,false,https://csdlkhoahoc.hueuni.edu.vn/index.php/book/detail/4851,19,Bài giảng Vật lý 10- chuyên sâu- chương trình GDPT 2018,"Lê Xuân Diễm Ngọc(Chủ biên),Lê Phước Định(Chủ biên)",Khoa học vật lý khác,,,2023,NOT_REVIEWED,,,MISSING,,,Vật lý,EXCLUDE,Ưu tiên tiếng Việt; ngôn ngữ ấn bản chưa được xác minh,ISBN_MISSING;MISSING_PUBLISHER,,,4851,EXCLUDED,"Tài liệu phổ thông/giáo án phổ thông hoặc chương sách, bài trong kỷ yếu; không chọn làm đầu sách đại học độc lập."
4854,Giáo án chuyên đề Vật lý 10,Dụng Thị Hoài Trang,,2023,Giáo trình,VẬT LÝ,,,false,https://csdlkhoahoc.hueuni.edu.vn/index.php/book/detail/4854,19,Giáo án chuyên đề Vật lý 10,Dụng Thị Hoài Trang,VẬT LÝ,,,2023,NOT_REVIEWED,,,MISSING,,,Vật lý,EXCLUDE,Ưu tiên tiếng Việt; ngôn ngữ ấn bản chưa được xác minh,ISBN_MISSING;MISSING_PUBLISHER,,,4854,EXCLUDED,"Tài liệu phổ thông/giáo án phổ thông hoặc chương sách, bài trong kỷ yếu; không chọn làm đầu sách đại học độc lập."
4853,Gíao án chuyên đề Vật lý 11,Dụng Thị Hoài Trang,,2023,Giáo trình,VẬT LÝ,,,false,https://csdlkhoahoc.hueuni.edu.vn/index.php/book/detail/4853,19,Gíao án chuyên đề Vật lý 11,Dụng Thị Hoài Trang,VẬT LÝ,,,2023,NOT_REVIEWED,,,MISSING,,,Vật lý,EXCLUDE,Ưu tiên tiếng Việt; ngôn ngữ ấn bản chưa được xác minh,ISBN_MISSING;MISSING_PUBLISHER,,,4853,EXCLUDED,"Tài liệu phổ thông/giáo án phổ thông hoặc chương sách, bài trong kỷ yếu; không chọn làm đầu sách đại học độc lập."
4865,Giáo dục môi trường đại cương,"Trần Anh Tuấn (Chủ biên), Đường Văn Hiếu (Chủ biên), Hoàng Công Tín (Chủ biên), Lê Thị Tịnh Chi, Lê Văn Tuấn, Trần Ngọc Tuấn, Nguyễn Bắc Giang, Mai Ngọc Châu, Lê Thị Phương Chi, Hoàng Thị Mỹ Hằng, Đặng Thị Thanh Lộc, Lê Công Tuấn, Trương Quý Tùng, Dương Thành Chung",NXB Đại học Huế,2023,Giáo trình,CÁC KHOA HỌC TRÁI ĐẤT VÀ MÔI TRƯỜNG LIÊN QUAN,978-604-912-648-2,9786049126482,true,https://csdlkhoahoc.hueuni.edu.vn/index.php/book/detail/4865,19,Giáo dục môi trường đại cương,"Trần Anh Tuấn(Chủ biên),Đường Văn Hiếu(Chủ biên),Hoàng Công Tín(Chủ biên),Lê Thị Tịnh Chi,Lê Văn Tuấn,Trần Ngọc Tuấn,Nguyễn Bắc Giang,Mai Ngọc Châu,Lê Thị Phương Chi,Hoàng Thị Mỹ Hằng,Đặng Thị Thanh Lộc,Lê Công Tuấn,Trương Quý Tùng,Dương Thành Chung",CÁC KHOA HỌC TRÁI ĐẤT VÀ MÔI TRƯỜNG LIÊN QUAN,NXB Đại học Huế,978-604-912-648-2,2023,CHECKED_UNRESOLVED,https://csdlkhoahoc.hueuni.edu.vn/index.php/book/detail/4865,"Danh sách tác giả nguồn vượt 255 ký tự. Giữ nguyên đầy đủ; đây là giới hạn trường nhập, không phải thiếu thông tin để tự cắt tên. Cần quyết định cách lưu tác giả đầy đủ trước khi nhập.",VALID,true,9786049126482,Địa lý và môi trường,UNIVERSITY_CANDIDATE,Ưu tiên tiếng Việt; ngôn ngữ ấn bản chưa được xác minh,TOO_LONG_AUTHOR,,,4865,REVIEW,Cần kiểm tra: TOO_LONG_AUTHOR
4852,Giáo trình Vật lý 10 - cơ bản - chương trình GDPT 2018,Lê Phước Định (Chủ biên),,2023,Giáo trình,Khoa học vật lý khác,,,false,https://csdlkhoahoc.hueuni.edu.vn/index.php/book/detail/4852,19,Giáo trình Vật lý 10 - cơ bản - chương trình GDPT 2018,Lê Phước Định(Chủ biên),Khoa học vật lý khác,,,2023,NOT_REVIEWED,,,MISSING,,,Vật lý,EXCLUDE,Ưu tiên tiếng Việt; ngôn ngữ ấn bản chưa được xác minh,ISBN_MISSING;MISSING_PUBLISHER,,,4852,EXCLUDED,"Tài liệu phổ thông/giáo án phổ thông hoặc chương sách, bài trong kỷ yếu; không chọn làm đầu sách đại học độc lập."
4875,Giáo án Vật lý 10 KNTT,Dụng Thị Hoài Trang,,2023,Giáo trình,VẬT LÝ,,,false,https://csdlkhoahoc.hueuni.edu.vn/index.php/book/detail/4875,20,Giáo án Vật lý 10 KNTT,Dụng Thị Hoài Trang,VẬT LÝ,,,2023,NOT_REVIEWED,,,MISSING,,,Vật lý,EXCLUDE,Ưu tiên tiếng Việt; ngôn ngữ ấn bản chưa được xác minh,ISBN_MISSING;MISSING_PUBLISHER,,,4875,EXCLUDED,"Tài liệu phổ thông/giáo án phổ thông hoặc chương sách, bài trong kỷ yếu; không chọn làm đầu sách đại học độc lập."
5291,NÂNG CAO NHẬN THỨC CHO SINH VIÊN VỀ VIỆC SỬ DỤNG CÔNG NGHỆ THÔNG TIN VÀ CÁC HÀNH VI VI PHẠM PHÁP LUẬT TRÊN KHÔNG GIAN MẠNG,Nguyễn Tiến Anh,NXB Trường Đại học Cần Thơ,2023,Giáo trình,Các vấn đề khoa học giáo dục khác,978-604-965-628-6,9786049656286,true,https://csdlkhoahoc.hueuni.edu.vn/index.php/book/detail/5291,20,NÂNG CAO NHẬN THỨC CHO SINH VIÊN VỀ VIỆC SỬ DỤNG CÔNG NGHỆ THÔNG TIN VÀ CÁC HÀNH VI VI PHẠM PHÁP LUẬT TRÊN KHÔNG GIAN MẠNG,Nguyễn Tiến Anh,Các vấn đề khoa học giáo dục khác,NXB Trường Đại học Cần Thơ,978-604-965-628-6,2023,NOT_REVIEWED,,,VALID,true,9786049656286,Giáo dục học,EXCLUDE,Ưu tiên tiếng Việt; ngôn ngữ ấn bản chưa được xác minh,,,,5291,EXCLUDED,"Tài liệu phổ thông/giáo án phổ thông hoặc chương sách, bài trong kỷ yếu; không chọn làm đầu sách đại học độc lập."
5293,Giáo trình Sinh học đại cương,"Nguyễn Văn Thuận, Trần Văn Giang, Trần Quốc Dung, Trương Thị Hiếu Thảo, Hoàng Xuân Thảo, Nguyễn Thị Quỳnh Trang",NXB Đại học Huế,2023,Giáo trình,SINH HỌC,978-604-399-437-7,9786043994377,true,https://csdlkhoahoc.hueuni.edu.vn/index.php/book/detail/5293,20,Giáo trình Sinh học đại cương,"Nguyễn Văn Thuận,Trần Văn Giang,Trần Quốc Dung,Trương Thị Hiếu Thảo,Hoàng Xuân Thảo,Nguyễn Thị Quỳnh Trang",SINH HỌC,NXB Đại học Huế,978-604-399-437-7,2023,NOT_REVIEWED,,,VALID,true,9786043994377,Sinh học,UNIVERSITY_CANDIDATE,Ưu tiên tiếng Việt; ngôn ngữ ấn bản chưa được xác minh,,,,5293,READY,Đạt kiểm tra định dạng và tiêu chí tuyển chọn; chưa xác minh thực tế mọi ấn bản.
4821,HỆ THỐNG HỖ TRỢ BIÊN DỊCH BẰNG MÁY TÍNH (COMPUTER-ASSISTED TRANSLATION SYSTEMS),PHAN THỊ THANH THẢO (Chủ biên),NXB Đại học Huế,2023,Giáo trình,Nghiên cứu ngôn ngữ khác,,,false,https://csdlkhoahoc.hueuni.edu.vn/index.php/book/detail/4821,20,HỆ THỐNG HỖ TRỢ BIÊN DỊCH BẰNG MÁY TÍNH (COMPUTER-ASSISTED TRANSLATION SYSTEMS),PHAN THỊ THANH THẢO(Chủ biên),Nghiên cứu ngôn ngữ khác,NXB Đại học Huế,,2023,CHECKED_UNRESOLVED,https://csdlkhoahoc.hueuni.edu.vn/index.php/book/detail/4821; https://opac.nlv.gov.vn/chi-tiet-tai-lieu/computer---assisted-translation-systems-20269898620813193602,"Mục lục hai thư viện cùng ghi bản 2022, trong khi nguồn ghi 2023; chưa xác minh đây là cùng ấn bản.",MISSING,,,Ngôn ngữ và văn học,UNIVERSITY_CANDIDATE,Ưu tiên tiếng Việt; ngôn ngữ ấn bản chưa được xác minh,EDITION_YEAR_REVIEW;ISBN_MISSING,,,4821,REVIEW,"Cần kiểm tra: ISBN_MISSING, EDITION_YEAR_REVIEW"
4888,Quản lý nguồn nhân lực,"Hà Văn Hành (Chủ biên), Huỳnh Thị Ánh Phương, Bùi Thị Thu",NXB Đại học Huế,2023,Giáo trình,KHOA HỌC XÃ HỘI,ISBN 978-604-399-423-0,9786043994230,true,https://csdlkhoahoc.hueuni.edu.vn/index.php/book/detail/4888,20,Quản lý nguồn nhân lực,"Hà Văn Hành(Chủ biên),Huỳnh Thị Ánh Phương,Bùi Thị Thu",KHOA HỌC XÃ HỘI,Nhà xuất bản Đại học Huế,ISBN 978-604-399-423-0,2023,NOT_REVIEWED,,,VALID,true,9786043994230,Khoa học xã hội và nhân văn,UNIVERSITY_CANDIDATE,Ưu tiên tiếng Việt; ngôn ngữ ấn bản chưa được xác minh,,,,4888,READY,Đạt kiểm tra định dạng và tiêu chí tuyển chọn; chưa xác minh thực tế mọi ấn bản.
5091,"Giáo trình thực hành ""Một số dạng bào chế đặc biệt""","Hồ Hoàng Nhân (Chủ biên), Nguyễn Hồng Trang, Trần Thế Huân, Lê Hoàng Hảo",NXB Đại học Huế,2023,Giáo trình,DƯỢC HỌC,9786043993035,9786043993035,true,https://csdlkhoahoc.hueuni.edu.vn/index.php/book/detail/5091,20,"Giáo trình thực hành ""Một số dạng bào chế đặc biệt""","Hồ Hoàng Nhân(Chủ biên),Nguyễn Hồng Trang,Trần Thế Huân,Lê Hoàng Hảo",DƯỢC HỌC,NXB Đại học Huế,987-604-399-303-5,2023,VERIFIED_UPDATE,https://csdlkhoahoc.hueuni.edu.vn/index.php/book/detail/5091; https://opac.nlv.gov.vn/chi-tiet-tai-lieu/giao-trinh-thuc-hanh-mot-so-dang-bao-che-202610305480813194500,"Bổ sung/đính chính ISBN theo MARC 020 của Thư viện Quốc gia; đã đối chiếu nhan đề, tác giả, nhà xuất bản và năm với bản ghi nguồn.",VALID,false,9786043993035,Y dược và sức khỏe,UNIVERSITY_CANDIDATE,Ưu tiên tiếng Việt; ngôn ngữ ấn bản chưa được xác minh,,,,5091,READY,Đạt kiểm tra định dạng và tiêu chí tuyển chọn; chưa xác minh thực tế mọi ấn bản.
4712,"Giáo trình Hoạt động trải nghiệm, hướng nghiệp","Nguyễn Thị Ngọc Bé (Chủ biên), Phạm Thị Thúy Hằng, Mai Thị Thanh Thủy, Nguyễn Thị Diệu Phương, Nguyễn Tuấn Vĩnh",NXB Đại học Huế,2023,Giáo trình,KHOA HỌC GIÁO DỤC,ISBN:978-604-399-304-2,9786043993042,true,https://csdlkhoahoc.hueuni.edu.vn/index.php/book/detail/4712,20,"Giáo trình Hoạt động trải nghiệm, hướng nghiệp","Nguyễn Thị Ngọc Bé(Chủ biên),Phạm Thị Thúy Hằng,Mai Thị Thanh Thủy,Nguyễn Thị Diệu Phương,Nguyễn Tuấn Vĩnh",KHOA HỌC GIÁO DỤC,NXB Đại học Huế,ISBN:978-604-399-304-2,2023,NOT_REVIEWED,,,VALID,true,9786043993042,Giáo dục học,UNIVERSITY_CANDIDATE,Ưu tiên tiếng Việt; ngôn ngữ ấn bản chưa được xác minh,,,,4712,READY,Đạt kiểm tra định dạng và tiêu chí tuyển chọn; chưa xác minh thực tế mọi ấn bản.
4801,Giáo trình Phân tích sinh kế nông thôn,"Nguyễn Văn Tâm (Chủ biên), Lê Thị Hồng Phương (Chủ biên), Hà Thị Hòa, Bùi Thị Minh Hà, Vũ Thị Hiền",NXB Bách khoa Hà Nội,2023,Giáo trình,Xã hội học khác,9786049507441,9786049507441,true,https://csdlkhoahoc.hueuni.edu.vn/index.php/book/detail/4801,20,Giáo trình Phân tích sinh kế nông thôn,"Nguyễn Văn Tâm (Chủ biên),Lê Thị Hồng Phương(Chủ biên), Hà Thị Hòa, Bùi Thị Minh Hà, Vũ Thị Hiền",Xã hội học khác,NXB Bách khoa Hà Nội,976604950744,2023,VERIFIED_UPDATE,https://csdlkhoahoc.hueuni.edu.vn/index.php/book/detail/4801; https://opac.nlv.gov.vn/chi-tiet-tai-lieu/giao-trinh-phan-tich-sinh-ke-nong-thon-202610012230813193707,"Bổ sung/đính chính ISBN theo MARC 020 của Thư viện Quốc gia; đã đối chiếu nhan đề, tác giả, nhà xuất bản và năm với bản ghi nguồn.",VALID,false,9786049507441,Khoa học xã hội và nhân văn,UNIVERSITY_CANDIDATE,Ưu tiên tiếng Việt; ngôn ngữ ấn bản chưa được xác minh,,,,4801,READY,Đạt kiểm tra định dạng và tiêu chí tuyển chọn; chưa xác minh thực tế mọi ấn bản.
4769,Phương pháp nghiên cứu khoa học,Nguyễn Đức Vũ,NXB Đại học Huế,2023,Giáo trình,KHOA HỌC GIÁO DỤC,ISBN: 978-604-974-872-1,9786049748721,true,https://csdlkhoahoc.hueuni.edu.vn/index.php/book/detail/4769,20,Phương pháp nghiên cứu khoa học,Nguyễn Đức Vũ,KHOA HỌC GIÁO DỤC,NXB Đại học Huế,ISBN: 978-604-974-872-1,2023,NOT_REVIEWED,,,VALID,true,9786049748721,Giáo dục học,UNIVERSITY_CANDIDATE,Ưu tiên tiếng Việt; ngôn ngữ ấn bản chưa được xác minh,,,,4769,READY,Đạt kiểm tra định dạng và tiêu chí tuyển chọn; chưa xác minh thực tế mọi ấn bản.
4847,Giáo trình Quản trị hoạt động Logistic và thương mại doanh nghiệp,"Đặng Đình Đào (Chủ biên), Trần Thái Hòa, Trương Tấn Quân",NXB Tài chính,2023,Giáo trình,KINH TẾ VÀ KINH DOANH,9786047936649,9786047936649,true,https://csdlkhoahoc.hueuni.edu.vn/index.php/book/detail/4847,20,Giáo trình Quản trị hoạt động Logistic và thương mại doanh nghiệp,"Đặng Đình Đào(Chủ biên),Trần Thái Hòa,Trương Tấn Quân",KINH TẾ VÀ KINH DOANH,NXB Tài chính,9786047936649,2023,NOT_REVIEWED,,,VALID,true,9786047936649,Kinh tế và quản trị,UNIVERSITY_CANDIDATE,Ưu tiên tiếng Việt; ngôn ngữ ấn bản chưa được xác minh,,,,4847,READY,Đạt kiểm tra định dạng và tiêu chí tuyển chọn; chưa xác minh thực tế mọi ấn bản.
4887,Hệ thống thông tin nhà đất,"Trần Thị Phượng (Chủ biên), Trương Đỗ Minh Phượng (Chủ biên), Trịnh Ngân Hà",NXB Đại học Huế,2023,Giáo trình,CÁC KHOA HỌC TRÁI ĐẤT VÀ MÔI TRƯỜNG LIÊN QUAN,978-604-912-608-6,9786049126086,true,https://csdlkhoahoc.hueuni.edu.vn/index.php/book/detail/4887,20,Hệ thống thông tin nhà đất,"Trần Thị Phượng(Chủ biên),Trương Đỗ Minh Phượng(Chủ biên),Trịnh Ngân Hà",CÁC KHOA HỌC TRÁI ĐẤT VÀ MÔI TRƯỜNG LIÊN QUAN,NXB Đại học Huế,978-604-912-608-6,2023,NOT_REVIEWED,,,VALID,true,9786049126086,Địa lý và môi trường,UNIVERSITY_CANDIDATE,Ưu tiên tiếng Việt; ngôn ngữ ấn bản chưa được xác minh,,,,4887,READY,Đạt kiểm tra định dạng và tiêu chí tuyển chọn; chưa xác minh thực tế mọi ấn bản.
5857,Ngoại cơ sở,Võ Minh Nhật,NXB Đại học Huế,2023,Giáo trình,Ngoại khoa,,,false,https://csdlkhoahoc.hueuni.edu.vn/index.php/book/detail/5857,20,Ngoại cơ sở,Võ Minh Nhật,Ngoại khoa,NXB Đại học Huế,,2023,CHECKED_UNRESOLVED,https://csdlkhoahoc.hueuni.edu.vn/index.php/book/detail/5857,Đã đọc lại nguồn Đại học Huế và tra mục lục Thư viện Quốc gia; chưa đủ căn cứ bổ sung các trường còn thiếu cho đúng ấn bản.,MISSING,,,Y dược và sức khỏe,UNIVERSITY_CANDIDATE,Ưu tiên tiếng Việt; ngôn ngữ ấn bản chưa được xác minh,ISBN_MISSING,,,5857,REVIEW,Cần kiểm tra: ISBN_MISSING
